buffer_name,feature_prefix,sample_name,replicate_id,group_type,tc_conc_uM,otc_conc_uM,ctc_conc_uM,roi_mean_r,roi_mean_g,roi_mean_b,roi_std_r,roi_std_g,roi_std_b,pixel_count,kept_pixel_count,status,warning,source_csv,source_image_path,source_crop_path
T=8,tris8,binary_TC0_OTC12_CTC48,R1,binary,0,12,48,157.81979370117188,213.41693115234372,212.4615173339844,13.850985527038574,16.07417106628418,15.77051067352295,18088,16437,ok,,D:/Desktop/Distinguish_TC/project_data_t8/rgb_results/rgb_results.csv,"binary/T=8_binary_0,12,48.jpg","cropped_cuvettes/T=8/binary/T=8_binary_0,12,48.png"
water,water,binary_TC0_OTC12_CTC48,R1,binary,0,12,48,178.0655518,180.8898163,187.4647064,13.57743073,13.80054951,14.05569267,18084,16445,ok,,D:/Desktop/Distinguish_TC/project_data/rgb_results/rgb_results.csv,"binary/water_binary_0,12,48.jpg","cropped_cuvettes/water/binary/water_binary_0,12,48.png"
T=8,tris8,binary_TC0_OTC12_CTC48,R2,binary,0,12,48,167.60133361816406,223.52972412109372,222.9409942626953,15.362741470336914,17.40767478942871,16.845067977905273,17550,15810,ok,,D:/Desktop/Distinguish_TC/project_data_t8/rgb_results/rgb_results.csv,"binary/T=8_binary_0,12,48_1.jpg","cropped_cuvettes/T=8/binary/T=8_binary_0,12,48_1.png"
water,water,binary_TC0_OTC12_CTC48,R2,binary,0,12,48,178.0460663,180.7338562,187.4497833,13.60880184,13.78758526,14.21841812,18221,16517,ok,,D:/Desktop/Distinguish_TC/project_data/rgb_results/rgb_results.csv,"binary/water_binary_0,12,48_1.jpg","cropped_cuvettes/water/binary/water_binary_0,12,48_1.png"
T=8,tris8,binary_TC0_OTC12_CTC48,R3,binary,0,12,48,167.7758331298828,224.05230712890625,222.55860900878903,15.352590560913086,17.139463424682617,16.953388214111328,17680,15943,ok,,D:/Desktop/Distinguish_TC/project_data_t8/rgb_results/rgb_results.csv,"binary/T=8_binary_0,12,48_2.jpg","cropped_cuvettes/T=8/binary/T=8_binary_0,12,48_2.png"
water,water,binary_TC0_OTC12_CTC48,R3,binary,0,12,48,181.710556,185.0277252,191.1273804,13.46419239,13.46308136,13.55039692,17544,15906,ok,,D:/Desktop/Distinguish_TC/project_data/rgb_results/rgb_results.csv,"binary/water_binary_0,12,48_2.jpg","cropped_cuvettes/water/binary/water_binary_0,12,48_2.png"
T=8,tris8,binary_TC0_OTC18_CTC42,R1,binary,0,18,42,168.85694885253906,230.4992218017578,228.5198974609375,15.24729347229004,16.375627517700195,16.231204986572266,17680,16009,ok,,D:/Desktop/Distinguish_TC/project_data_t8/rgb_results/rgb_results.csv,"binary/T=8_binary_0,18,42.jpg","cropped_cuvettes/T=8/binary/T=8_binary_0,18,42.png"
water,water,binary_TC0_OTC18_CTC42,R1,binary,0,18,42,192.0324249,202.2946625,212.0532379,13.23030472,13.57735538,13.69179726,18084,16436,ok,,D:/Desktop/Distinguish_TC/project_data/rgb_results/rgb_results.csv,"binary/water_binary_0,18,42.jpg","cropped_cuvettes/water/binary/water_binary_0,18,42.png"
T=8,tris8,binary_TC0_OTC18_CTC42,R2,binary,0,18,42,170.96690368652344,231.6854553222656,230.45599365234372,15.187992095947266,16.079139709472656,15.834115028381348,17544,15829,ok,,D:/Desktop/Distinguish_TC/project_data_t8/rgb_results/rgb_results.csv,"binary/T=8_binary_0,18,42_1.jpg","cropped_cuvettes/T=8/binary/T=8_binary_0,18,42_1.png"
water,water,binary_TC0_OTC18_CTC42,R2,binary,0,18,42,195.0298157,204.7714539,214.7661591,12.44315147,13.05914688,13.22449112,17399,15831,ok,,D:/Desktop/Distinguish_TC/project_data/rgb_results/rgb_results.csv,"binary/water_binary_0,18,42_1.jpg","cropped_cuvettes/water/binary/water_binary_0,18,42_1.png"
T=8,tris8,binary_TC0_OTC18_CTC42,R3,binary,0,18,42,168.15750122070312,228.94618225097656,227.1056365966797,14.384799003601074,16.130048751831055,15.776640892028809,17544,15885,ok,,D:/Desktop/Distinguish_TC/project_data_t8/rgb_results/rgb_results.csv,"binary/T=8_binary_0,18,42_2.jpg","cropped_cuvettes/T=8/binary/T=8_binary_0,18,42_2.png"
water,water,binary_TC0_OTC18_CTC42,R3,binary,0,18,42,197.3390961,206.3863983,215.8961792,12.61375046,12.84086227,13.11236,17136,15624,ok,,D:/Desktop/Distinguish_TC/project_data/rgb_results/rgb_results.csv,"binary/water_binary_0,18,42_2.jpg","cropped_cuvettes/water/binary/water_binary_0,18,42_2.png"
T=8,tris8,binary_TC0_OTC30_CTC30,R1,binary,0,30,30,153.85693359375,221.26837158203125,219.978271484375,13.04628086090088,15.540655136108398,15.029584884643556,17816,16287,ok,,D:/Desktop/Distinguish_TC/project_data_t8/rgb_results/rgb_results.csv,"binary/T=8_binary_0,30,30.jpg","cropped_cuvettes/T=8/binary/T=8_binary_0,30,30.png"
water,water,binary_TC0_OTC30_CTC30,R1,binary,0,30,30,181.9718933,201.9404907,218.1841583,11.68170738,12.68300629,13.1974659,17680,16013,ok,,D:/Desktop/Distinguish_TC/project_data/rgb_results/rgb_results.csv,"binary/water_binary_0,30,30.jpg","cropped_cuvettes/water/binary/water_binary_0,30,30.png"
T=8,tris8,binary_TC0_OTC30_CTC30,R2,binary,0,30,30,153.28404235839844,220.41482543945312,218.98745727539065,12.831459999084473,15.385821342468262,14.899826049804688,17947,16262,ok,,D:/Desktop/Distinguish_TC/project_data_t8/rgb_results/rgb_results.csv,"binary/T=8_binary_0,30,30_1.jpg","cropped_cuvettes/T=8/binary/T=8_binary_0,30,30_1.png"
water,water,binary_TC0_OTC30_CTC30,R2,binary,0,30,30,180.4542999,200.7413025,217.4888153,11.56181526,12.72479057,13.51559734,17152,15505,ok,,D:/Desktop/Distinguish_TC/project_data/rgb_results/rgb_results.csv,"binary/water_binary_0,30,30_1.jpg","cropped_cuvettes/water/binary/water_binary_0,30,30_1.png"
T=8,tris8,binary_TC0_OTC30_CTC30,R3,binary,0,30,30,153.0623779296875,220.4170379638672,219.00900268554688,12.945907592773438,15.43525218963623,14.830215454101562,17947,16224,ok,,D:/Desktop/Distinguish_TC/project_data_t8/rgb_results/rgb_results.csv,"binary/T=8_binary_0,30,30_2.jpg","cropped_cuvettes/T=8/binary/T=8_binary_0,30,30_2.png"
water,water,binary_TC0_OTC30_CTC30,R3,binary,0,30,30,181.9442291,201.9051361,218.1906586,11.79354668,12.70753288,13.1092453,17408,15834,ok,,D:/Desktop/Distinguish_TC/project_data/rgb_results/rgb_results.csv,"binary/water_binary_0,30,30_2.jpg","cropped_cuvettes/water/binary/water_binary_0,30,30_2.png"
T=8,tris8,binary_TC0_OTC42_CTC18,R1,binary,0,42,18,144.45066833496094,224.8092498779297,224.0539703369141,9.303534507751465,12.0184965133667,11.518365859985352,17947,16398,ok,,D:/Desktop/Distinguish_TC/project_data_t8/rgb_results/rgb_results.csv,"binary/T=8_binary_0,42,18.jpg","cropped_cuvettes/T=8/binary/T=8_binary_0,42,18.png"
water,water,binary_TC0_OTC42_CTC18,R1,binary,0,42,18,172.0977325,203.1981659,224.2310791,10.81728745,11.66857529,12.21435928,17544,15921,ok,,D:/Desktop/Distinguish_TC/project_data/rgb_results/rgb_results.csv,"binary/water_binary_0,42,18.jpg","cropped_cuvettes/water/binary/water_binary_0,42,18.png"
T=8,tris8,binary_TC0_OTC42_CTC18,R2,binary,0,42,18,133.36300659179688,209.0404052734375,208.17613220214844,7.692400455474853,9.712581634521484,9.925111770629885,17816,16187,ok,,D:/Desktop/Distinguish_TC/project_data_t8/rgb_results/rgb_results.csv,"binary/T=8_binary_0,42,18_1.jpg","cropped_cuvettes/T=8/binary/T=8_binary_0,42,18_1.png"
water,water,binary_TC0_OTC42_CTC18,R2,binary,0,42,18,172.9116974,203.863266,224.443161,10.65090656,11.50306892,11.93637848,17000,15446,ok,,D:/Desktop/Distinguish_TC/project_data/rgb_results/rgb_results.csv,"binary/water_binary_0,42,18_1.jpg","cropped_cuvettes/water/binary/water_binary_0,42,18_1.png"
T=8,tris8,binary_TC0_OTC42_CTC18,R3,binary,0,42,18,120.50015258789062,190.9916534423828,190.79571533203125,6.990964889526367,8.096630096435547,7.850342273712158,17816,16179,ok,,D:/Desktop/Distinguish_TC/project_data_t8/rgb_results/rgb_results.csv,"binary/T=8_binary_0,42,18_2.jpg","cropped_cuvettes/T=8/binary/T=8_binary_0,42,18_2.png"
water,water,binary_TC0_OTC42_CTC18,R3,binary,0,42,18,169.079071,200.6877136,220.9824829,11.11493778,11.96748829,12.15547752,17544,15921,ok,,D:/Desktop/Distinguish_TC/project_data/rgb_results/rgb_results.csv,"binary/water_binary_0,42,18_2.jpg","cropped_cuvettes/water/binary/water_binary_0,42,18_2.png"
T=8,tris8,binary_TC0_OTC48_CTC12,R1,binary,0,48,12,124.07781219482422,194.81370544433597,192.7080993652344,7.904175281524658,9.857999801635742,9.415265083312988,17544,15975,ok,,D:/Desktop/Distinguish_TC/project_data_t8/rgb_results/rgb_results.csv,"binary/T=8_binary_0,48,12.jpg","cropped_cuvettes/T=8/binary/T=8_binary_0,48,12.png"
water,water,binary_TC0_OTC48_CTC12,R1,binary,0,48,12,159.118927,193.6136475,214.3091278,10.00188065,10.83998299,11.11711025,17680,16094,ok,,D:/Desktop/Distinguish_TC/project_data/rgb_results/rgb_results.csv,"binary/water_binary_0,48,12.jpg","cropped_cuvettes/water/binary/water_binary_0,48,12.png"
T=8,tris8,binary_TC0_OTC48_CTC12,R2,binary,0,48,12,146.5358428955078,225.5681915283203,222.29861450195312,11.397446632385254,13.899189949035645,13.474350929260254,17544,16044,ok,,D:/Desktop/Distinguish_TC/project_data_t8/rgb_results/rgb_results.csv,"binary/T=8_binary_0,48,12_1.jpg","cropped_cuvettes/T=8/binary/T=8_binary_0,48,12_1.png"
water,water,binary_TC0_OTC48_CTC12,R2,binary,0,48,12,161.3327179,195.3595276,216.2542877,9.894221306,10.63341904,10.98512363,17420,15707,ok,,D:/Desktop/Distinguish_TC/project_data/rgb_results/rgb_results.csv,"binary/water_binary_0,48,12_1.jpg","cropped_cuvettes/water/binary/water_binary_0,48,12_1.png"
T=8,tris8,binary_TC0_OTC48_CTC12,R3,binary,0,48,12,152.3234405517578,230.52783203125,226.44483947753903,10.548046112060549,12.498651504516602,12.036083221435549,17415,15808,ok,,D:/Desktop/Distinguish_TC/project_data_t8/rgb_results/rgb_results.csv,"binary/T=8_binary_0,48,12_2.jpg","cropped_cuvettes/T=8/binary/T=8_binary_0,48,12_2.png"
water,water,binary_TC0_OTC48_CTC12,R3,binary,0,48,12,164.4916687,198.739502,219.1119843,9.297724724,10.24668312,10.36614704,16875,15252,ok,,D:/Desktop/Distinguish_TC/project_data/rgb_results/rgb_results.csv,"binary/water_binary_0,48,12_2.jpg","cropped_cuvettes/water/binary/water_binary_0,48,12_2.png"
T=8,tris8,binary_TC0_OTC54_CTC6,R1,binary,0,54,6,135.1824188232422,215.0838928222656,212.4946746826172,8.672917366027832,10.644230842590332,10.515374183654783,17955,16342,ok,,D:/Desktop/Distinguish_TC/project_data_t8/rgb_results/rgb_results.csv,"binary/T=8_binary_0,54,6.jpg","cropped_cuvettes/T=8/binary/T=8_binary_0,54,6.png"
water,water,binary_TC0_OTC54_CTC6,R1,binary,0,54,6,125.1342163,164.1516418,186.0986938,7.849195004,9.480290413,9.8891716,17554,16071,ok,,D:/Desktop/Distinguish_TC/project_data/rgb_results/rgb_results.csv,"binary/water_binary_0,54,6.jpg","cropped_cuvettes/water/binary/water_binary_0,54,6.png"
T=8,tris8,binary_TC0_OTC54_CTC6,R2,binary,0,54,6,159.32958984375,241.229248046875,238.20704650878903,13.02145290374756,11.588189125061035,12.321233749389648,18088,16354,ok,,D:/Desktop/Distinguish_TC/project_data_t8/rgb_results/rgb_results.csv,"binary/T=8_binary_0,54,6_1.jpg","cropped_cuvettes/T=8/binary/T=8_binary_0,54,6_1.png"
water,water,binary_TC0_OTC54_CTC6,R2,binary,0,54,6,124.6054077,162.4858856,184.4680328,7.185955048,8.504155159,8.786056519,16896,15345,ok,,D:/Desktop/Distinguish_TC/project_data/rgb_results/rgb_results.csv,"binary/water_binary_0,54,6_1.jpg","cropped_cuvettes/water/binary/water_binary_0,54,6_1.png"
T=8,tris8,binary_TC0_OTC54_CTC6,R3,binary,0,54,6,145.6237030029297,226.3458251953125,222.9739990234375,8.82621955871582,10.485673904418944,9.95938491821289,17280,15655,ok,,D:/Desktop/Distinguish_TC/project_data_t8/rgb_results/rgb_results.csv,"binary/T=8_binary_0,54,6_2.jpg","cropped_cuvettes/T=8/binary/T=8_binary_0,54,6_2.png"
water,water,binary_TC0_OTC54_CTC6,R3,binary,0,54,6,124.6054077,162.4858856,184.4680328,7.185955048,8.504155159,8.786056519,16896,15345,ok,,D:/Desktop/Distinguish_TC/project_data/rgb_results/rgb_results.csv,"binary/water_binary_0,54,6_2.jpg","cropped_cuvettes/water/binary/water_binary_0,54,6_2.png"
T=8,tris8,binary_TC0_OTC6_CTC54,R1,binary,0,6,54,161.29794311523438,212.99366760253903,214.0474395751953,13.967723846435549,15.725985527038574,15.576483726501465,17816,16127,ok,,D:/Desktop/Distinguish_TC/project_data_t8/rgb_results/rgb_results.csv,"binary/T=8_binary_0,6,54.jpg","cropped_cuvettes/T=8/binary/T=8_binary_0,6,54.png"
water,water,binary_TC0_OTC6_CTC54,R1,binary,0,6,54,185.996048,181.0609589,180.4993744,14.53690624,14.0577364,13.93563747,18354,16731,ok,,D:/Desktop/Distinguish_TC/project_data/rgb_results/rgb_results.csv,"binary/water_binary_0,6,54.jpg","cropped_cuvettes/water/binary/water_binary_0,6,54.png"
T=8,tris8,binary_TC0_OTC6_CTC54,R2,binary,0,6,54,171.9192352294922,226.99424743652344,228.14031982421875,15.41367244720459,17.566936492919922,16.593847274780273,18216,16505,ok,,D:/Desktop/Distinguish_TC/project_data_t8/rgb_results/rgb_results.csv,"binary/T=8_binary_0,6,54_1.jpg","cropped_cuvettes/T=8/binary/T=8_binary_0,6,54_1.png"
water,water,binary_TC0_OTC6_CTC54,R2,binary,0,6,54,189.4412842,185.1398468,183.9463654,14.31836414,13.92992878,13.23324013,17802,16146,ok,,D:/Desktop/Distinguish_TC/project_data/rgb_results/rgb_results.csv,"binary/water_binary_0,6,54_1.jpg","cropped_cuvettes/water/binary/water_binary_0,6,54_1.png"
T=8,tris8,binary_TC0_OTC6_CTC54,R3,binary,0,6,54,171.66546630859375,225.4637756347656,226.9391021728516,15.504711151123049,17.610557556152344,16.75748634338379,17947,16288,ok,,D:/Desktop/Distinguish_TC/project_data_t8/rgb_results/rgb_results.csv,"binary/T=8_binary_0,6,54_2.jpg","cropped_cuvettes/T=8/binary/T=8_binary_0,6,54_2.png"
water,water,binary_TC0_OTC6_CTC54,R3,binary,0,6,54,185.4610748,180.7825623,179.7507782,13.98613453,13.40385628,13.1602602,17673,15926,ok,,D:/Desktop/Distinguish_TC/project_data/rgb_results/rgb_results.csv,"binary/water_binary_0,6,54_2.jpg","cropped_cuvettes/water/binary/water_binary_0,6,54_2.png"
T=8,tris8,binary_TC12_OTC0_CTC48,R1,binary,12,0,48,160.68789672851562,209.6493377685547,199.83917236328125,16.799510955810547,19.01676368713379,17.866506576538086,18084,16440,ok,,D:/Desktop/Distinguish_TC/project_data_t8/rgb_results/rgb_results.csv,"binary/T=8_binary_12,0,48.jpg","cropped_cuvettes/T=8/binary/T=8_binary_12,0,48.png"
water,water,binary_TC12_OTC0_CTC48,R1,binary,12,0,48,142.7729187,137.6326141,139.562027,12.3122263,11.58315277,11.94442272,16641,15131,ok,,D:/Desktop/Distinguish_TC/project_data/rgb_results/rgb_results.csv,"binary/water_binary_12,0,48.jpg","cropped_cuvettes/water/binary/water_binary_12,0,48.png"
T=8,tris8,binary_TC12_OTC0_CTC48,R2,binary,12,0,48,160.233154296875,209.6627960205078,199.9897003173828,15.52737808227539,17.589683532714844,16.709918975830078,17816,16127,ok,,D:/Desktop/Distinguish_TC/project_data_t8/rgb_results/rgb_results.csv,"binary/T=8_binary_12,0,48_1.jpg","cropped_cuvettes/T=8/binary/T=8_binary_12,0,48_1.png"
water,water,binary_TC12_OTC0_CTC48,R2,binary,12,0,48,141.7572174,137.0613861,139.375412,12.4617424,11.62517548,12.33518505,17290,15607,ok,,D:/Desktop/Distinguish_TC/project_data/rgb_results/rgb_results.csv,"binary/water_binary_12,0,48_1.jpg","cropped_cuvettes/water/binary/water_binary_12,0,48_1.png"
T=8,tris8,binary_TC12_OTC0_CTC48,R3,binary,12,0,48,163.28428649902344,213.7675628662109,204.63262939453125,16.368471145629883,18.894275665283203,17.996196746826172,18084,16490,ok,,D:/Desktop/Distinguish_TC/project_data_t8/rgb_results/rgb_results.csv,"binary/T=8_binary_12,0,48_2.jpg","cropped_cuvettes/T=8/binary/T=8_binary_12,0,48_2.png"
water,water,binary_TC12_OTC0_CTC48,R3,binary,12,0,48,144.2829742,139.1575317,141.4201202,11.54736042,11.12609577,11.53025723,16758,15203,ok,,D:/Desktop/Distinguish_TC/project_data/rgb_results/rgb_results.csv,"binary/water_binary_12,0,48_2.jpg","cropped_cuvettes/water/binary/water_binary_12,0,48_2.png"
T=8,tris8,binary_TC12_OTC48_CTC0,R1,binary,12,48,0,157.16702270507812,234.3336181640625,224.6428375244141,13.099408149719238,14.314043045043944,14.872275352478027,17947,16399,ok,,D:/Desktop/Distinguish_TC/project_data_t8/rgb_results/rgb_results.csv,"binary/T=8_binary_12,48,0.jpg","cropped_cuvettes/T=8/binary/T=8_binary_12,48,0.png"
water,water,binary_TC12_OTC48_CTC0,R1,binary,12,48,0,141.7460022,175.6237183,197.9426117,9.52604866,10.35125828,11.48522186,16864,15579,ok,,D:/Desktop/Distinguish_TC/project_data/rgb_results/rgb_results.csv,"binary/water_binary_12,48,0.jpg","cropped_cuvettes/water/binary/water_binary_12,48,0.png"
T=8,tris8,binary_TC12_OTC48_CTC0,R2,binary,12,48,0,135.7729034423828,208.54885864257807,199.2447204589844,9.275668144226074,11.587053298950195,11.261069297790527,17947,16341,ok,,D:/Desktop/Distinguish_TC/project_data_t8/rgb_results/rgb_results.csv,"binary/T=8_binary_12,48,0_1.jpg","cropped_cuvettes/T=8/binary/T=8_binary_12,48,0_1.png"
water,water,binary_TC12_OTC48_CTC0,R2,binary,12,48,0,141.046875,174.8546753,197.3544464,9.442193985,10.23668385,11.24518299,16750,15145,ok,,D:/Desktop/Distinguish_TC/project_data/rgb_results/rgb_results.csv,"binary/water_binary_12,48,0_1.jpg","cropped_cuvettes/water/binary/water_binary_12,48,0_1.png"
T=8,tris8,binary_TC12_OTC48_CTC0,R3,binary,12,48,0,135.7729034423828,208.54885864257807,199.2447204589844,9.275668144226074,11.587053298950195,11.261069297790527,17947,16341,ok,,D:/Desktop/Distinguish_TC/project_data_t8/rgb_results/rgb_results.csv,"binary/T=8_binary_12,48,0_2.jpg","cropped_cuvettes/T=8/binary/T=8_binary_12,48,0_2.png"
water,water,binary_TC12_OTC48_CTC0,R3,binary,12,48,0,143.4261627,177.6320648,199.868103,9.408866882,10.39203548,11.29994297,16616,15201,ok,,D:/Desktop/Distinguish_TC/project_data/rgb_results/rgb_results.csv,"binary/water_binary_12,48,0_2.jpg","cropped_cuvettes/water/binary/water_binary_12,48,0_2.png"
T=8,tris8,binary_TC18_OTC0_CTC42,R1,binary,18,0,42,161.77896118164062,212.48963928222656,200.0072326660156,16.7829532623291,19.39447021484375,18.420398712158203,18084,16594,ok,,D:/Desktop/Distinguish_TC/project_data_t8/rgb_results/rgb_results.csv,"binary/T=8_binary_18,0,42.jpg","cropped_cuvettes/T=8/binary/T=8_binary_18,0,42.png"
water,water,binary_TC18_OTC0_CTC42,R1,binary,18,0,42,150.4324646,145.0490875,148.3742523,11.62042713,11.22081947,11.55894089,17408,15770,ok,,D:/Desktop/Distinguish_TC/project_data/rgb_results/rgb_results.csv,"binary/water_binary_18,0,42.jpg","cropped_cuvettes/water/binary/water_binary_18,0,42.png"
T=8,tris8,binary_TC18_OTC0_CTC42,R2,binary,18,0,42,161.5911102294922,211.2397918701172,199.0548095703125,16.65056800842285,19.12217712402344,18.2135009765625,18078,16327,ok,,D:/Desktop/Distinguish_TC/project_data_t8/rgb_results/rgb_results.csv,"binary/T=8_binary_18,0,42_1.jpg","cropped_cuvettes/T=8/binary/T=8_binary_18,0,42_1.png"
water,water,binary_TC18_OTC0_CTC42,R2,binary,18,0,42,153.280777,147.9838715,151.7963867,11.48781872,11.07638264,11.12997627,16875,15382,ok,,D:/Desktop/Distinguish_TC/project_data/rgb_results/rgb_results.csv,"binary/water_binary_18,0,42_1.jpg","cropped_cuvettes/water/binary/water_binary_18,0,42_1.png"
T=8,tris8,binary_TC18_OTC0_CTC42,R3,binary,18,0,42,144.4037628173828,190.1158142089844,178.7753448486328,12.90937614440918,14.470492362976074,13.98347282409668,17947,16225,ok,,D:/Desktop/Distinguish_TC/project_data_t8/rgb_results/rgb_results.csv,"binary/T=8_binary_18,0,42_2.jpg","cropped_cuvettes/T=8/binary/T=8_binary_18,0,42_2.png"
water,water,binary_TC18_OTC0_CTC42,R3,binary,18,0,42,152.1667633,146.8138428,150.240509,11.18231869,11.08414459,11.27625847,17145,15471,ok,,D:/Desktop/Distinguish_TC/project_data/rgb_results/rgb_results.csv,"binary/water_binary_18,0,42_2.jpg","cropped_cuvettes/water/binary/water_binary_18,0,42_2.png"
T=8,tris8,binary_TC18_OTC42_CTC0,R1,binary,18,42,0,157.9293212890625,231.90554809570312,217.6993408203125,13.818731307983398,15.357303619384766,15.424074172973633,18221,16527,ok,,D:/Desktop/Distinguish_TC/project_data_t8/rgb_results/rgb_results.csv,"binary/T=8_binary_18,42,0.jpg","cropped_cuvettes/T=8/binary/T=8_binary_18,42,0.png"
water,water,binary_TC18_OTC42_CTC0,R1,binary,18,42,0,138.0467529,164.2004852,184.41745,9.510298729,10.47794819,10.80222702,17673,16086,ok,,D:/Desktop/Distinguish_TC/project_data/rgb_results/rgb_results.csv,"binary/water_binary_18,42,0.jpg","cropped_cuvettes/water/binary/water_binary_18,42,0.png"
T=8,tris8,binary_TC18_OTC42_CTC0,R2,binary,18,42,0,156.2781524658203,229.0303192138672,214.32049560546875,13.510968208312988,15.70000457763672,15.073424339294434,17550,15966,ok,,D:/Desktop/Distinguish_TC/project_data_t8/rgb_results/rgb_results.csv,"binary/T=8_binary_18,42,0_1.jpg","cropped_cuvettes/T=8/binary/T=8_binary_18,42,0_1.png"
water,water,binary_TC18_OTC42_CTC0,R2,binary,18,42,0,138.5726776,164.2169647,184.3421021,9.532466888,10.43306065,10.74761677,17280,15726,ok,,D:/Desktop/Distinguish_TC/project_data/rgb_results/rgb_results.csv,"binary/water_binary_18,42,0_1.jpg","cropped_cuvettes/water/binary/water_binary_18,42,0_1.png"
T=8,tris8,binary_TC18_OTC42_CTC0,R3,binary,18,42,0,151.27603149414062,225.12290954589844,210.3945159912109,13.453380584716797,16.15721893310547,15.317606925964355,17820,16281,ok,,D:/Desktop/Distinguish_TC/project_data_t8/rgb_results/rgb_results.csv,"binary/T=8_binary_18,42,0_2.jpg","cropped_cuvettes/T=8/binary/T=8_binary_18,42,0_2.png"
water,water,binary_TC18_OTC42_CTC0,R3,binary,18,42,0,138.7544403,164.4593048,184.2498474,9.568173409,10.25800514,10.63827515,17280,15630,ok,,D:/Desktop/Distinguish_TC/project_data/rgb_results/rgb_results.csv,"binary/water_binary_18,42,0_2.jpg","cropped_cuvettes/water/binary/water_binary_18,42,0_2.png"
T=8,tris8,binary_TC30_OTC0_CTC30,R1,binary,30,0,30,162.1221923828125,214.09461975097656,194.30398559570312,17.41360092163086,19.794084548950195,18.438495635986328,17810,16106,ok,,D:/Desktop/Distinguish_TC/project_data_t8/rgb_results/rgb_results.csv,"binary/T=8_binary_30,0,30.jpg","cropped_cuvettes/T=8/binary/T=8_binary_30,0,30.png"
water,water,binary_TC30_OTC0_CTC30,R1,binary,30,0,30,147.9385986,141.8505096,145.6555023,12.48213387,12.10062599,12.22802162,16758,15292,ok,,D:/Desktop/Distinguish_TC/project_data/rgb_results/rgb_results.csv,"binary/water_binary_30,0,30.jpg","cropped_cuvettes/water/binary/water_binary_30,0,30.png"
T=8,tris8,binary_TC30_OTC0_CTC30,R2,binary,30,0,30,163.50294494628906,215.03790283203125,195.1396026611328,17.112844467163086,19.80742454528809,18.017135620117188,17673,16095,ok,,D:/Desktop/Distinguish_TC/project_data_t8/rgb_results/rgb_results.csv,"binary/T=8_binary_30,0,30_1.jpg","cropped_cuvettes/T=8/binary/T=8_binary_30,0,30_1.png"
water,water,binary_TC30_OTC0_CTC30,R2,binary,30,0,30,149.074646,142.5433502,146.1731415,12.4845562,11.6866703,12.07391071,16256,14670,ok,,D:/Desktop/Distinguish_TC/project_data/rgb_results/rgb_results.csv,"binary/water_binary_30,0,30_1.jpg","cropped_cuvettes/water/binary/water_binary_30,0,30_1.png"
T=8,tris8,binary_TC30_OTC0_CTC30,R3,binary,30,0,30,165.8338165283203,217.4615020751953,198.19775390625,17.601219177246094,19.78425025939941,18.422855377197266,17680,16000,ok,,D:/Desktop/Distinguish_TC/project_data_t8/rgb_results/rgb_results.csv,"binary/T=8_binary_30,0,30_2.jpg","cropped_cuvettes/T=8/binary/T=8_binary_30,0,30_2.png"
water,water,binary_TC30_OTC0_CTC30,R3,binary,30,0,30,148.9494324,143.0792999,145.9373474,12.67445946,11.9777317,12.21100903,16896,15308,ok,,D:/Desktop/Distinguish_TC/project_data/rgb_results/rgb_results.csv,"binary/water_binary_30,0,30_2.jpg","cropped_cuvettes/water/binary/water_binary_30,0,30_2.png"
T=8,tris8,binary_TC30_OTC30_CTC0,R1,binary,30,30,0,165.16796875,230.14768981933597,209.4673614501953,15.684684753417969,16.860586166381836,16.765785217285156,17673,15979,ok,,D:/Desktop/Distinguish_TC/project_data_t8/rgb_results/rgb_results.csv,"binary/T=8_binary_30,30,0.jpg","cropped_cuvettes/T=8/binary/T=8_binary_30,30,0.png"
water,water,binary_TC30_OTC30_CTC0,R1,binary,30,30,0,158.6800232,174.2997894,190.4293518,12.92172909,13.3185463,13.5182724,17145,15614,ok,,D:/Desktop/Distinguish_TC/project_data/rgb_results/rgb_results.csv,"binary/water_binary_30,30,0.jpg","cropped_cuvettes/water/binary/water_binary_30,30,0.png"
T=8,tris8,binary_TC30_OTC30_CTC0,R2,binary,30,30,0,163.46737670898438,228.93980407714844,208.1532287597656,15.242525100708008,17.026443481445312,16.4702091217041,17664,15983,ok,,D:/Desktop/Distinguish_TC/project_data_t8/rgb_results/rgb_results.csv,"binary/T=8_binary_30,30,0_1.jpg","cropped_cuvettes/T=8/binary/T=8_binary_30,30,0_1.png"
water,water,binary_TC30_OTC30_CTC0,R2,binary,30,30,0,161.2406921,176.3156128,191.8395844,12.66582203,13.39467621,13.6073103,17157,15497,ok,,D:/Desktop/Distinguish_TC/project_data/rgb_results/rgb_results.csv,"binary/water_binary_30,30,0_1.jpg","cropped_cuvettes/water/binary/water_binary_30,30,0_1.png"
T=8,tris8,binary_TC30_OTC30_CTC0,R3,binary,30,30,0,154.35960388183594,216.5025329589844,197.0400238037109,11.275304794311523,12.987957000732422,11.6998872756958,17280,15617,ok,,D:/Desktop/Distinguish_TC/project_data_t8/rgb_results/rgb_results.csv,"binary/T=8_binary_30,30,0_2.jpg","cropped_cuvettes/T=8/binary/T=8_binary_30,30,0_2.png"
water,water,binary_TC30_OTC30_CTC0,R3,binary,30,30,0,159.0112915,174.5088501,189.8200989,12.95762444,13.29358768,13.44858837,17018,15492,ok,,D:/Desktop/Distinguish_TC/project_data/rgb_results/rgb_results.csv,"binary/water_binary_30,30,0_2.jpg","cropped_cuvettes/water/binary/water_binary_30,30,0_2.png"
T=8,tris8,binary_TC42_OTC0_CTC18,R1,binary,42,0,18,170.3407440185547,223.4979248046875,195.8522491455078,18.947065353393555,20.79956817626953,19.936189651489254,17685,16135,ok,,D:/Desktop/Distinguish_TC/project_data_t8/rgb_results/rgb_results.csv,"binary/T=8_binary_42,0,18.jpg","cropped_cuvettes/T=8/binary/T=8_binary_42,0,18.png"
water,water,binary_TC42_OTC0_CTC18,R1,binary,42,0,18,154.5379028,144.8400574,148.8499908,12.95942879,12.45970154,12.57414913,16896,15393,ok,,D:/Desktop/Distinguish_TC/project_data/rgb_results/rgb_results.csv,"binary/water_binary_42,0,18.jpg","cropped_cuvettes/water/binary/water_binary_42,0,18.png"
T=8,tris8,binary_TC42_OTC0_CTC18,R2,binary,42,0,18,168.55921936035156,221.4603576660156,194.30699157714844,18.86055374145508,21.00847625732422,19.8803825378418,17820,16092,ok,,D:/Desktop/Distinguish_TC/project_data_t8/rgb_results/rgb_results.csv,"binary/T=8_binary_42,0,18_1.jpg","cropped_cuvettes/T=8/binary/T=8_binary_42,0,18_1.png"
water,water,binary_TC42_OTC0_CTC18,R2,binary,42,0,18,148.0020599,138.4971161,142.1704559,12.08289146,11.56878567,11.6484108,17152,15576,ok,,D:/Desktop/Distinguish_TC/project_data/rgb_results/rgb_results.csv,"binary/water_binary_42,0,18_1.jpg","cropped_cuvettes/water/binary/water_binary_42,0,18_1.png"
T=8,tris8,binary_TC42_OTC0_CTC18,R3,binary,42,0,18,170.8361358642578,223.83322143554688,196.70220947265625,19.100799560546875,20.861173629760746,20.10085678100586,17952,16441,ok,,D:/Desktop/Distinguish_TC/project_data_t8/rgb_results/rgb_results.csv,"binary/T=8_binary_42,0,18_2.jpg","cropped_cuvettes/T=8/binary/T=8_binary_42,0,18_2.png"
water,water,binary_TC42_OTC0_CTC18,R3,binary,42,0,18,155.2352448,146.2963257,149.8055573,12.20112228,11.90225506,11.74906349,16500,14997,ok,,D:/Desktop/Distinguish_TC/project_data/rgb_results/rgb_results.csv,"binary/water_binary_42,0,18_2.jpg","cropped_cuvettes/water/binary/water_binary_42,0,18_2.png"
T=8,tris8,binary_TC42_OTC18_CTC0,R1,binary,42,18,0,161.3916473388672,216.8773193359375,191.84310913085935,16.84354019165039,19.330324172973636,17.722898483276367,17810,16196,ok,,D:/Desktop/Distinguish_TC/project_data_t8/rgb_results/rgb_results.csv,"binary/T=8_binary_42,18,0.jpg","cropped_cuvettes/T=8/binary/T=8_binary_42,18,0.png"
water,water,binary_TC42_OTC18_CTC0,R1,binary,42,18,0,153.0646515,156.9857635,166.6295776,12.67126465,12.74436474,12.57985878,17673,16087,ok,,D:/Desktop/Distinguish_TC/project_data/rgb_results/rgb_results.csv,"binary/water_binary_42,18,0.jpg","cropped_cuvettes/water/binary/water_binary_42,18,0.png"
T=8,tris8,binary_TC42_OTC18_CTC0,R2,binary,42,18,0,163.62118530273438,218.74905395507807,193.01663208007807,16.907196044921875,19.43235969543457,17.60633659362793,17810,16111,ok,,D:/Desktop/Distinguish_TC/project_data_t8/rgb_results/rgb_results.csv,"binary/T=8_binary_42,18,0_1.jpg","cropped_cuvettes/T=8/binary/T=8_binary_42,18,0_1.png"
water,water,binary_TC42_OTC18_CTC0,R2,binary,42,18,0,154.9520721,157.6360168,166.6266632,12.7822094,12.82020092,12.8037529,17673,16149,ok,,D:/Desktop/Distinguish_TC/project_data/rgb_results/rgb_results.csv,"binary/water_binary_42,18,0_1.jpg","cropped_cuvettes/water/binary/water_binary_42,18,0_1.png"
T=8,tris8,binary_TC42_OTC18_CTC0,R3,binary,42,18,0,160.2641143798828,215.6218414306641,190.08920288085935,16.938392639160156,19.39887237548828,17.737565994262695,17680,16020,ok,,D:/Desktop/Distinguish_TC/project_data_t8/rgb_results/rgb_results.csv,"binary/T=8_binary_42,18,0_2.jpg","cropped_cuvettes/T=8/binary/T=8_binary_42,18,0_2.png"
water,water,binary_TC42_OTC18_CTC0,R3,binary,42,18,0,156.7821808,160.3687744,169.4866791,12.68083572,12.65188313,12.67063236,17136,15462,ok,,D:/Desktop/Distinguish_TC/project_data/rgb_results/rgb_results.csv,"binary/water_binary_42,18,0_2.jpg","cropped_cuvettes/water/binary/water_binary_42,18,0_2.png"
T=8,tris8,binary_TC48_OTC0_CTC12,R1,binary,48,0,12,172.7330322265625,225.06141662597656,196.4676513671875,19.71147918701172,21.14978790283203,20.60162925720215,17947,16200,ok,,D:/Desktop/Distinguish_TC/project_data_t8/rgb_results/rgb_results.csv,"binary/T=8_binary_48,0,12.jpg","cropped_cuvettes/T=8/binary/T=8_binary_48,0,12.png"
water,water,binary_TC48_OTC0_CTC12,R1,binary,48,0,12,162.3390961,152.7165222,156.7952118,13.99857998,13.84272575,13.89543247,17415,15895,ok,,D:/Desktop/Distinguish_TC/project_data/rgb_results/rgb_results.csv,"binary/water_binary_48,0,12.jpg","cropped_cuvettes/water/binary/water_binary_48,0,12.png"
T=8,tris8,binary_TC48_OTC0_CTC12,R2,binary,48,0,12,127.00743103027344,174.01377868652344,148.27577209472656,10.453753471374512,12.435458183288574,11.279894828796388,17136,15607,ok,,D:/Desktop/Distinguish_TC/project_data_t8/rgb_results/rgb_results.csv,"binary/T=8_binary_48,0,12_1.jpg","cropped_cuvettes/T=8/binary/T=8_binary_48,0,12_1.png"
water,water,binary_TC48_OTC0_CTC12,R2,binary,48,0,12,161.3620453,151.9524841,156.002655,13.76059151,13.52945614,13.77978516,17018,15426,ok,,D:/Desktop/Distinguish_TC/project_data/rgb_results/rgb_results.csv,"binary/water_binary_48,0,12_1.jpg","cropped_cuvettes/water/binary/water_binary_48,0,12_1.png"
T=8,tris8,binary_TC48_OTC0_CTC12,R3,binary,48,0,12,134.3409881591797,182.7408905029297,156.21617126464844,12.600342750549316,14.63378620147705,13.954121589660645,17550,15974,ok,,D:/Desktop/Distinguish_TC/project_data_t8/rgb_results/rgb_results.csv,"binary/T=8_binary_48,0,12_2.jpg","cropped_cuvettes/T=8/binary/T=8_binary_48,0,12_2.png"
water,water,binary_TC48_OTC0_CTC12,R3,binary,48,0,12,147.6849518,139.2328186,142.9141846,11.68953323,11.042346,11.27048302,17145,15626,ok,,D:/Desktop/Distinguish_TC/project_data/rgb_results/rgb_results.csv,"binary/water_binary_48,0,12_2.jpg","cropped_cuvettes/water/binary/water_binary_48,0,12_2.png"
T=8,tris8,binary_TC48_OTC12_CTC0,R1,binary,48,12,0,163.1764678955078,220.0001983642578,192.23452758789065,17.60951805114746,19.97642707824707,18.42134666442871,17280,15589,ok,,D:/Desktop/Distinguish_TC/project_data_t8/rgb_results/rgb_results.csv,"binary/T=8_binary_48,12,0.jpg","cropped_cuvettes/T=8/binary/T=8_binary_48,12,0.png"
water,water,binary_TC48_OTC12_CTC0,R1,binary,48,12,0,138.8400116,138.0146027,144.1189117,12.37527847,12.26549053,12.67915821,17680,16095,ok,,D:/Desktop/Distinguish_TC/project_data/rgb_results/rgb_results.csv,"binary/water_binary_48,12,0.jpg","cropped_cuvettes/water/binary/water_binary_48,12,0.png"
T=8,tris8,binary_TC48_OTC12_CTC0,R2,binary,48,12,0,135.57504272460938,186.89454650878903,162.12210083007812,11.00540256500244,12.9171781539917,12.015928268432615,17010,15552,ok,,D:/Desktop/Distinguish_TC/project_data_t8/rgb_results/rgb_results.csv,"binary/T=8_binary_48,12,0_1.jpg","cropped_cuvettes/T=8/binary/T=8_binary_48,12,0_1.png"
water,water,binary_TC48_OTC12_CTC0,R2,binary,48,12,0,139.2079163,138.5737305,145.8334198,12.11710453,12.02396584,12.88283348,17420,15800,ok,,D:/Desktop/Distinguish_TC/project_data/rgb_results/rgb_results.csv,"binary/water_binary_48,12,0_1.jpg","cropped_cuvettes/water/binary/water_binary_48,12,0_1.png"
T=8,tris8,binary_TC48_OTC12_CTC0,R3,binary,48,12,0,161.84788513183594,219.5982818603516,191.0408172607422,17.40339469909668,20.006837844848636,18.05782890319824,17544,15949,ok,,D:/Desktop/Distinguish_TC/project_data_t8/rgb_results/rgb_results.csv,"binary/T=8_binary_48,12,0_2.jpg","cropped_cuvettes/T=8/binary/T=8_binary_48,12,0_2.png"
water,water,binary_TC48_OTC12_CTC0,R3,binary,48,12,0,140.0765076,139.2625427,145.2273712,12.14783955,12.21985912,12.70142365,17280,15750,ok,,D:/Desktop/Distinguish_TC/project_data/rgb_results/rgb_results.csv,"binary/water_binary_48,12,0_2.jpg","cropped_cuvettes/water/binary/water_binary_48,12,0_2.png"
T=8,tris8,binary_TC54_OTC0_CTC6,R1,binary,54,0,6,167.03012084960938,219.21783447265625,188.4395294189453,19.73939514160156,22.0911922454834,20.68857955932617,17673,16131,ok,,D:/Desktop/Distinguish_TC/project_data_t8/rgb_results/rgb_results.csv,"binary/T=8_binary_54,0,6.jpg","cropped_cuvettes/T=8/binary/T=8_binary_54,0,6.png"
water,water,binary_TC54_OTC0_CTC6,R1,binary,54,0,6,162.2196198,152.645752,156.247757,14.50708771,14.14871311,14.29924297,16625,15249,ok,,D:/Desktop/Distinguish_TC/project_data/rgb_results/rgb_results.csv,"binary/water_binary_54,0,6.jpg","cropped_cuvettes/water/binary/water_binary_54,0,6.png"
T=8,tris8,binary_TC54_OTC0_CTC6,R2,binary,54,0,6,162.06597900390625,215.69569396972656,184.89707946777344,19.346622467041016,22.34847640991211,20.506778717041016,17947,16293,ok,,D:/Desktop/Distinguish_TC/project_data_t8/rgb_results/rgb_results.csv,"binary/T=8_binary_54,0,6_1.jpg","cropped_cuvettes/T=8/binary/T=8_binary_54,0,6_1.png"
water,water,binary_TC54_OTC0_CTC6,R2,binary,54,0,6,162.5890656,152.3437805,156.0423126,14.12797546,13.9000988,14.01439571,16625,15100,ok,,D:/Desktop/Distinguish_TC/project_data/rgb_results/rgb_results.csv,"binary/water_binary_54,0,6_1.jpg","cropped_cuvettes/water/binary/water_binary_54,0,6_1.png"
T=8,tris8,binary_TC54_OTC0_CTC6,R3,binary,54,0,6,172.24436950683594,225.3202972412109,194.0679168701172,19.313278198242188,20.53626823425293,20.116945266723636,17388,15726,ok,,D:/Desktop/Distinguish_TC/project_data_t8/rgb_results/rgb_results.csv,"binary/T=8_binary_54,0,6_2.jpg","cropped_cuvettes/T=8/binary/T=8_binary_54,0,6_2.png"
water,water,binary_TC54_OTC0_CTC6,R3,binary,54,0,6,163.5732574,153.0093231,157.3487091,14.44143867,14.21303844,14.32800484,16368,14803,ok,,D:/Desktop/Distinguish_TC/project_data/rgb_results/rgb_results.csv,"binary/water_binary_54,0,6_2.jpg","cropped_cuvettes/water/binary/water_binary_54,0,6_2.png"
T=8,tris8,binary_TC54_OTC6_CTC0,R1,binary,54,6,0,168.12261962890625,221.9474029541016,191.52346801757807,18.466886520385746,20.86359977722168,19.50824737548828,18084,16368,ok,,D:/Desktop/Distinguish_TC/project_data_t8/rgb_results/rgb_results.csv,"binary/T=8_binary_54,6,0.jpg","cropped_cuvettes/T=8/binary/T=8_binary_54,6,0.png"
water,water,binary_TC54_OTC6_CTC0,R1,binary,54,6,0,149.7895813,146.6049652,152.6038361,12.78003502,11.98882198,12.52095127,17653,16049,ok,,D:/Desktop/Distinguish_TC/project_data/rgb_results/rgb_results.csv,"binary/water_binary_54,6,0.jpg","cropped_cuvettes/water/binary/water_binary_54,6,0.png"
T=8,tris8,binary_TC54_OTC6_CTC0,R2,binary,54,6,0,172.04173278808594,224.27407836914065,195.0908660888672,18.45980262756348,20.31354522705078,19.36587142944336,17947,16200,ok,,D:/Desktop/Distinguish_TC/project_data_t8/rgb_results/rgb_results.csv,"binary/T=8_binary_54,6,0_1.jpg","cropped_cuvettes/T=8/binary/T=8_binary_54,6,0_1.png"
water,water,binary_TC54_OTC6_CTC0,R2,binary,54,6,0,153.6981964,150.8084564,156.7008972,13.3256979,13.07769108,13.25767422,18216,16670,ok,,D:/Desktop/Distinguish_TC/project_data/rgb_results/rgb_results.csv,"binary/water_binary_54,6,0_1.jpg","cropped_cuvettes/water/binary/water_binary_54,6,0_1.png"
T=8,tris8,binary_TC54_OTC6_CTC0,R3,binary,54,6,0,172.47593688964844,225.6242218017578,195.9407501220703,19.062353134155277,20.253263473510746,19.6186637878418,17816,16185,ok,,D:/Desktop/Distinguish_TC/project_data_t8/rgb_results/rgb_results.csv,"binary/T=8_binary_54,6,0_2.jpg","cropped_cuvettes/T=8/binary/T=8_binary_54,6,0_2.png"
water,water,binary_TC54_OTC6_CTC0,R3,binary,54,6,0,150.7213745,147.4434357,152.760788,12.79127026,11.92961311,12.43958759,17526,15806,ok,,D:/Desktop/Distinguish_TC/project_data/rgb_results/rgb_results.csv,"binary/water_binary_54,6,0_2.jpg","cropped_cuvettes/water/binary/water_binary_54,6,0_2.png"
T=8,tris8,binary_TC6_OTC0_CTC54,R1,binary,6,0,54,162.13369750976562,210.97482299804688,207.6475372314453,15.998023986816406,18.197664260864254,17.713165283203125,17947,16328,ok,,D:/Desktop/Distinguish_TC/project_data_t8/rgb_results/rgb_results.csv,"binary/T=8_binary_6,0,54.jpg","cropped_cuvettes/T=8/binary/T=8_binary_6,0,54.png"
water,water,binary_TC6_OTC0_CTC54,R1,binary,6,0,54,157.8713531,152.2844391,154.4771271,11.68713093,11.33452225,11.24325848,16236,14738,ok,,D:/Desktop/Distinguish_TC/project_data/rgb_results/rgb_results.csv,"binary/water_binary_6,0,54.jpg","cropped_cuvettes/water/binary/water_binary_6,0,54.png"
T=8,tris8,binary_TC6_OTC0_CTC54,R2,binary,6,0,54,160.735595703125,208.1309051513672,204.18638610839844,16.055824279785156,17.96184539794922,17.560853958129883,17947,16165,ok,,D:/Desktop/Distinguish_TC/project_data_t8/rgb_results/rgb_results.csv,"binary/T=8_binary_6,0,54_1.jpg","cropped_cuvettes/T=8/binary/T=8_binary_6,0,54_1.png"
water,water,binary_TC6_OTC0_CTC54,R2,binary,6,0,54,157.4606781,151.6651611,154.0516205,11.71142769,11.27764988,11.30060768,16368,14876,ok,,D:/Desktop/Distinguish_TC/project_data/rgb_results/rgb_results.csv,"binary/water_binary_6,0,54_1.jpg","cropped_cuvettes/water/binary/water_binary_6,0,54_1.png"
T=8,tris8,binary_TC6_OTC0_CTC54,R3,binary,6,0,54,151.44309997558594,197.119873046875,193.1005401611328,13.571178436279297,14.877138137817385,14.466721534729004,17810,16143,ok,,D:/Desktop/Distinguish_TC/project_data_t8/rgb_results/rgb_results.csv,"binary/T=8_binary_6,0,54_2.jpg","cropped_cuvettes/T=8/binary/T=8_binary_6,0,54_2.png"
water,water,binary_TC6_OTC0_CTC54,R3,binary,6,0,54,158.7204895,152.5350952,154.4451447,11.01589203,10.87207794,10.94518948,15616,14175,ok,,D:/Desktop/Distinguish_TC/project_data/rgb_results/rgb_results.csv,"binary/water_binary_6,0,54_2.jpg","cropped_cuvettes/water/binary/water_binary_6,0,54_2.png"
T=8,tris8,binary_TC6_OTC54_CTC0,R1,binary,6,54,0,135.5274658203125,212.96575927734372,207.5277099609375,7.855282306671143,9.95810317993164,9.952634811401367,17550,16149,ok,,D:/Desktop/Distinguish_TC/project_data_t8/rgb_results/rgb_results.csv,"binary/T=8_binary_6,54,0.jpg","cropped_cuvettes/T=8/binary/T=8_binary_6,54,0.png"
water,water,binary_TC6_OTC54_CTC0,R1,binary,6,54,0,151.9369812,192.3412476,217.8393097,9.987398148,11.11748695,11.53007698,18084,16454,ok,,D:/Desktop/Distinguish_TC/project_data/rgb_results/rgb_results.csv,"binary/water_binary_6,54,0.jpg","cropped_cuvettes/water/binary/water_binary_6,54,0.png"
T=8,tris8,binary_TC6_OTC54_CTC0,R2,binary,6,54,0,152.713623046875,232.31024169921875,226.53379821777344,11.892297744750977,13.860821723937988,13.525691986083984,17947,16510,ok,,D:/Desktop/Distinguish_TC/project_data_t8/rgb_results/rgb_results.csv,"binary/T=8_binary_6,54,0_1.jpg","cropped_cuvettes/T=8/binary/T=8_binary_6,54,0_1.png"
water,water,binary_TC6_OTC54_CTC0,R2,binary,6,54,0,149.0564117,189.7244568,214.2386627,9.789783478,10.73020458,11.31841183,17408,15918,ok,,D:/Desktop/Distinguish_TC/project_data/rgb_results/rgb_results.csv,"binary/water_binary_6,54,0_1.jpg","cropped_cuvettes/water/binary/water_binary_6,54,0_1.png"
T=8,tris8,binary_TC6_OTC54_CTC0,R3,binary,6,54,0,151.41075134277344,233.6604156494141,227.19888305664065,11.650151252746582,13.328489303588867,13.386340141296388,17685,16034,ok,,D:/Desktop/Distinguish_TC/project_data_t8/rgb_results/rgb_results.csv,"binary/T=8_binary_6,54,0_2.jpg","cropped_cuvettes/T=8/binary/T=8_binary_6,54,0_2.png"
water,water,binary_TC6_OTC54_CTC0,R3,binary,6,54,0,145.0507507,186.0379028,210.2329254,9.520036697,10.17086506,10.82882118,16875,15331,ok,,D:/Desktop/Distinguish_TC/project_data/rgb_results/rgb_results.csv,"binary/water_binary_6,54,0_2.jpg","cropped_cuvettes/water/binary/water_binary_6,54,0_2.png"
T=8,tris8,blank_TC0_OTC0_CTC0,R1,blank,0,0,0,15.780945777893066,160.7584228515625,235.0155487060547,1.1069520711898804,2.36419677734375,2.8361377716064453,17816,16206,ok,,D:/Desktop/Distinguish_TC/project_data_t8/rgb_results/rgb_results.csv,blank/T=8_blank.jpg,cropped_cuvettes/T=8/blank/T=8_blank.png
water,water,blank_TC0_OTC0_CTC0,R1,blank,0,0,0,15.44513893,129.0386353,197.9724426,1.181101203,2.699177265,3.615984201,17673,16150,ok,,D:/Desktop/Distinguish_TC/project_data/rgb_results/rgb_results.csv,blank/water_blank.jpg,cropped_cuvettes/water/blank/water_blank.png
T=8,tris8,blank_TC0_OTC0_CTC0,R2,blank,0,0,0,16.39727210998535,164.457763671875,239.13706970214844,1.2773258686065674,2.6494662761688232,2.626678466796875,18354,16860,ok,,D:/Desktop/Distinguish_TC/project_data_t8/rgb_results/rgb_results.csv,blank/T=8_blank_1.jpg,cropped_cuvettes/T=8/blank/T=8_blank_1.png
water,water,blank_TC0_OTC0_CTC0,R2,blank,0,0,0,15.64406586,134.5002747,204.5109711,1.477649093,2.832584381,3.264755011,17673,16371,ok,,D:/Desktop/Distinguish_TC/project_data/rgb_results/rgb_results.csv,blank/water_blank_1.jpg,cropped_cuvettes/water/blank/water_blank_1.png
T=8,tris8,blank_TC0_OTC0_CTC0,R3,blank,0,0,0,16.287342071533203,165.9307098388672,240.0332794189453,1.2646385431289673,2.707761764526367,2.590193748474121,18354,16858,ok,,D:/Desktop/Distinguish_TC/project_data_t8/rgb_results/rgb_results.csv,blank/T=8_blank_2.jpg,cropped_cuvettes/T=8/blank/T=8_blank_2.png
water,water,blank_TC0_OTC0_CTC0,R3,blank,0,0,0,16.45258522,141.7666626,212.553894,1.331384897,3.375557423,4.390741348,17940,16830,ok,,D:/Desktop/Distinguish_TC/project_data/rgb_results/rgb_results.csv,blank/water_blank_2.jpg,cropped_cuvettes/water/blank/water_blank_2.png
T=8,tris8,single_TC0_OTC0_CTC60,R1,single,0,0,60,160.8748321533203,206.8281707763672,209.6533203125,15.449458122253418,17.364988327026367,16.85120964050293,17952,16283,ok,,D:/Desktop/Distinguish_TC/project_data_t8/rgb_results/rgb_results.csv,"single/T=8_single_0,0,60.jpg","cropped_cuvettes/T=8/single/T=8_single_0,0,60.png"
water,water,single_TC0_OTC0_CTC60,R1,single,0,0,60,171.9435577,165.2863464,167.3487549,13.10254002,12.56462097,12.43027306,17810,16281,ok,,D:/Desktop/Distinguish_TC/project_data/rgb_results/rgb_results.csv,"single/water_single_0,0,60.jpg","cropped_cuvettes/water/single/water_single_0,0,60.png"
T=8,tris8,single_TC0_OTC0_CTC60,R2,single,0,0,60,160.30921936035156,206.861328125,209.2136993408203,15.398491859436035,17.25093650817871,17.22971534729004,17820,16247,ok,,D:/Desktop/Distinguish_TC/project_data_t8/rgb_results/rgb_results.csv,"single/T=8_single_0,0,60_1.jpg","cropped_cuvettes/T=8/single/T=8_single_0,0,60_1.png"
water,water,single_TC0_OTC0_CTC60,R2,single,0,0,60,168.3397369,161.2304993,162.6994171,12.6294136,11.81877708,11.51993752,17810,16195,ok,,D:/Desktop/Distinguish_TC/project_data/rgb_results/rgb_results.csv,"single/water_single_0,0,60_1.jpg","cropped_cuvettes/water/single/water_single_0,0,60_1.png"
T=8,tris8,single_TC0_OTC0_CTC60,R3,single,0,0,60,161.5623016357422,207.11720275878903,209.74595642089844,15.075961112976074,16.9794979095459,16.930917739868164,17816,16194,ok,,D:/Desktop/Distinguish_TC/project_data_t8/rgb_results/rgb_results.csv,"single/T=8_single_0,0,60_2.jpg","cropped_cuvettes/T=8/single/T=8_single_0,0,60_2.png"
water,water,single_TC0_OTC0_CTC60,R3,single,0,0,60,175.1407013,168.5054016,169.6787109,13.47478676,12.62876129,12.40566444,18078,16375,ok,,D:/Desktop/Distinguish_TC/project_data/rgb_results/rgb_results.csv,"single/water_single_0,0,60_2.jpg","cropped_cuvettes/water/single/water_single_0,0,60_2.png"
T=8,tris8,single_TC0_OTC60_CTC0,R1,single,0,60,0,135.754638671875,218.9456787109375,215.86001586914065,9.611980438232422,12.470993995666504,12.080278396606444,17685,15923,ok,,D:/Desktop/Distinguish_TC/project_data_t8/rgb_results/rgb_results.csv,"single/T=8_single_0,60,0.jpg","cropped_cuvettes/T=8/single/T=8_single_0,60,0.png"
water,water,single_TC0_OTC60_CTC0,R1,single,0,60,0,135.6495209,183.5460815,210.0931854,8.721842766,10.03785324,10.75516319,17550,15807,ok,,D:/Desktop/Distinguish_TC/project_data/rgb_results/rgb_results.csv,"single/water_single_0,60,0.jpg","cropped_cuvettes/water/single/water_single_0,60,0.png"
T=8,tris8,single_TC0_OTC60_CTC0,R2,single,0,60,0,136.47311401367188,218.7799835205078,215.3473052978516,9.843424797058104,12.466904640197754,12.158669471740724,17947,16294,ok,,D:/Desktop/Distinguish_TC/project_data_t8/rgb_results/rgb_results.csv,"single/T=8_single_0,60,0_1.jpg","cropped_cuvettes/T=8/single/T=8_single_0,60,0_1.png"
water,water,single_TC0_OTC60_CTC0,R2,single,0,60,0,136.715271,183.6577301,210.0510101,9.142409325,9.858718872,10.74787235,17554,15938,ok,,D:/Desktop/Distinguish_TC/project_data/rgb_results/rgb_results.csv,"single/water_single_0,60,0_1.jpg","cropped_cuvettes/water/single/water_single_0,60,0_1.png"
T=8,tris8,single_TC0_OTC60_CTC0,R3,single,0,60,0,134.83096313476562,217.07896423339844,213.66021728515625,9.905609130859377,12.508197784423828,12.119224548339844,17947,16222,ok,,D:/Desktop/Distinguish_TC/project_data_t8/rgb_results/rgb_results.csv,"single/T=8_single_0,60,0_2.jpg","cropped_cuvettes/T=8/single/T=8_single_0,60,0_2.png"
water,water,single_TC0_OTC60_CTC0,R3,single,0,60,0,135.0785065,181.6778717,207.2783966,8.78915596,9.528010368,10.34435558,17673,16074,ok,,D:/Desktop/Distinguish_TC/project_data/rgb_results/rgb_results.csv,"single/water_single_0,60,0_2.jpg","cropped_cuvettes/water/single/water_single_0,60,0_2.png"
T=8,tris8,single_TC60_OTC0_CTC0,R1,single,60,0,0,164.7050323486328,217.1622009277344,183.54275512695312,19.411563873291016,21.4909725189209,19.586217880249023,17673,16066,ok,,D:/Desktop/Distinguish_TC/project_data_t8/rgb_results/rgb_results.csv,"single/T=8_single_60,0,0.jpg","cropped_cuvettes/T=8/single/T=8_single_60,0,0.png"
water,water,single_TC60_OTC0_CTC0,R1,single,60,0,0,150.7801361,136.4599609,135.8761597,13.05877686,12.06347466,12.09753418,17802,16069,ok,,D:/Desktop/Distinguish_TC/project_data/rgb_results/rgb_results.csv,"single/water_single_60,0,0.jpg","cropped_cuvettes/water/single/water_single_60,0,0.png"
T=8,tris8,single_TC60_OTC0_CTC0,R2,single,60,0,0,175.0400390625,226.9005279541016,194.4212646484375,20.5994930267334,20.330814361572266,21.088361740112305,17536,15883,ok,,D:/Desktop/Distinguish_TC/project_data_t8/rgb_results/rgb_results.csv,"single/T=8_single_60,0,0_1.jpg","cropped_cuvettes/T=8/single/T=8_single_60,0,0_1.png"
water,water,single_TC60_OTC0_CTC0,R2,single,60,0,0,140.9437714,126.9706268,126.3872299,13.11503792,11.95533466,11.9354744,17536,15900,ok,,D:/Desktop/Distinguish_TC/project_data/rgb_results/rgb_results.csv,"single/water_single_60,0,0_1.jpg","cropped_cuvettes/water/single/water_single_60,0,0_1.png"
T=8,tris8,single_TC60_OTC0_CTC0,R3,single,60,0,0,180.5536346435547,230.87939453125,198.7730865478516,21.172853469848636,19.375364303588867,21.51909637451172,17673,15962,ok,,D:/Desktop/Distinguish_TC/project_data_t8/rgb_results/rgb_results.csv,"single/T=8_single_60,0,0_2.jpg","cropped_cuvettes/T=8/single/T=8_single_60,0,0_2.png"
water,water,single_TC60_OTC0_CTC0,R3,single,60,0,0,152.0783539,138.2989349,137.799881,13.07743263,12.1838274,11.91409683,17673,16131,ok,,D:/Desktop/Distinguish_TC/project_data/rgb_results/rgb_results.csv,"single/water_single_60,0,0_2.jpg","cropped_cuvettes/water/single/water_single_60,0,0_2.png"
T=8,tris8,ternary_TC18_OTC36_CTC6,R1,ternary,18,36,6,158.23719787597656,229.446044921875,214.59161376953125,13.914628028869627,15.963584899902344,15.499235153198242,17399,15801,ok,,D:/Desktop/Distinguish_TC/project_data_t8/rgb_results/rgb_results.csv,"ternary/T=8_ternary_18,36,6.jpg","cropped_cuvettes/T=8/ternary/T=8_ternary_18,36,6.png"
water,water,ternary_TC18_OTC36_CTC6,R1,ternary,18,36,6,159.6288757,181.8098145,201.8697968,12.06087017,12.15770626,13.45447826,17816,16121,ok,,D:/Desktop/Distinguish_TC/project_data/rgb_results/rgb_results.csv,"ternary/water_ternary_18,36,6.jpg","cropped_cuvettes/water/ternary/water_ternary_18,36,6.png"
T=8,tris8,ternary_TC18_OTC36_CTC6,R2,ternary,18,36,6,160.2816925048828,231.4658050537109,215.8719482421875,14.089101791381836,15.58637237548828,15.535938262939451,17399,15751,ok,,D:/Desktop/Distinguish_TC/project_data_t8/rgb_results/rgb_results.csv,"ternary/T=8_ternary_18,36,6_1.jpg","cropped_cuvettes/T=8/ternary/T=8_ternary_18,36,6_1.png"
water,water,ternary_TC18_OTC36_CTC6,R2,ternary,18,36,6,159.6985474,182.6775208,202.0637817,11.58002281,11.86072445,13.00522709,17816,16119,ok,,D:/Desktop/Distinguish_TC/project_data/rgb_results/rgb_results.csv,"ternary/water_ternary_18,36,6_1.jpg","cropped_cuvettes/water/ternary/water_ternary_18,36,6_1.png"
T=8,tris8,ternary_TC18_OTC36_CTC6,R3,ternary,18,36,6,160.2816925048828,231.4658050537109,215.8719482421875,14.089101791381836,15.58637237548828,15.535938262939451,17399,15751,ok,,D:/Desktop/Distinguish_TC/project_data_t8/rgb_results/rgb_results.csv,"ternary/T=8_ternary_18,36,6_2.jpg","cropped_cuvettes/T=8/ternary/T=8_ternary_18,36,6_2.png"
water,water,ternary_TC18_OTC36_CTC6,R3,ternary,18,36,6,158.3132019,180.6604767,199.6872253,11.44736004,11.97340775,12.93743134,18084,16408,ok,,D:/Desktop/Distinguish_TC/project_data/rgb_results/rgb_results.csv,"ternary/water_ternary_18,36,6_2.jpg","cropped_cuvettes/water/ternary/water_ternary_18,36,6_2.png"
T=8,tris8,ternary_TC18_OTC6_CTC36,R1,ternary,18,6,36,172.3988800048828,227.15892028808597,211.11639404296875,17.200822830200195,18.73573875427246,18.65978240966797,18216,16624,ok,,D:/Desktop/Distinguish_TC/project_data_t8/rgb_results/rgb_results.csv,"ternary/T=8_ternary_18,6,36.jpg","cropped_cuvettes/T=8/ternary/T=8_ternary_18,6,36.png"
water,water,ternary_TC18_OTC6_CTC36,R1,ternary,18,6,36,168.2253113,166.2424011,171.2823334,13.44547939,13.34971333,13.51433563,17947,16502,ok,,D:/Desktop/Distinguish_TC/project_data/rgb_results/rgb_results.csv,"ternary/water_ternary_18,6,36.jpg","cropped_cuvettes/water/ternary/water_ternary_18,6,36.png"
T=8,tris8,ternary_TC18_OTC6_CTC36,R2,ternary,18,6,36,173.5726776123047,227.2116851806641,211.93087768554688,17.316450119018555,18.41799545288086,18.435945510864254,17947,16175,ok,,D:/Desktop/Distinguish_TC/project_data_t8/rgb_results/rgb_results.csv,"ternary/T=8_ternary_18,6,36_1.jpg","cropped_cuvettes/T=8/ternary/T=8_ternary_18,6,36_1.png"
water,water,ternary_TC18_OTC6_CTC36,R2,ternary,18,6,36,169.3830566,167.2874146,172.1783752,13.25244236,13.20918369,13.32642365,17424,15765,ok,,D:/Desktop/Distinguish_TC/project_data/rgb_results/rgb_results.csv,"ternary/water_ternary_18,6,36_1.jpg","cropped_cuvettes/water/ternary/water_ternary_18,6,36_1.png"
T=8,tris8,ternary_TC18_OTC6_CTC36,R3,ternary,18,6,36,143.50146484375,193.5601959228516,179.70675659179688,12.428980827331545,14.32663917541504,13.460185050964355,17810,16123,ok,,D:/Desktop/Distinguish_TC/project_data_t8/rgb_results/rgb_results.csv,"ternary/T=8_ternary_18,6,36_2.jpg","cropped_cuvettes/T=8/ternary/T=8_ternary_18,6,36_2.png"
water,water,ternary_TC18_OTC6_CTC36,R3,ternary,18,6,36,169.9688568,167.749527,172.3494263,13.28376961,12.99524975,13.35218239,17947,16181,ok,,D:/Desktop/Distinguish_TC/project_data/rgb_results/rgb_results.csv,"ternary/water_ternary_18,6,36_2.jpg","cropped_cuvettes/water/ternary/water_ternary_18,6,36_2.png"
T=8,tris8,ternary_TC20_OTC20_CTC20,R1,ternary,20,20,20,168.6966552734375,230.65249633789065,215.76242065429688,16.284133911132812,17.228193283081055,17.954944610595703,17415,15830,ok,,D:/Desktop/Distinguish_TC/project_data_t8/rgb_results/rgb_results.csv,"ternary/T=8_ternary_20,20,20.jpg","cropped_cuvettes/T=8/ternary/T=8_ternary_20,20,20.png"
water,water,ternary_TC20_OTC20_CTC20,R1,ternary,20,20,20,167.5168304,177.4973297,188.5727081,13.28969765,13.61904526,13.90351963,18078,16518,ok,,D:/Desktop/Distinguish_TC/project_data/rgb_results/rgb_results.csv,"ternary/water_ternary_20,20,20.jpg","cropped_cuvettes/water/ternary/water_ternary_20,20,20.png"
T=8,tris8,ternary_TC20_OTC20_CTC20,R2,ternary,20,20,20,174.6063232421875,235.1639709472656,220.89761352539065,16.39381980895996,15.569953918457031,17.172317504882812,17010,15363,ok,,D:/Desktop/Distinguish_TC/project_data_t8/rgb_results/rgb_results.csv,"ternary/T=8_ternary_20,20,20_1.jpg","cropped_cuvettes/T=8/ternary/T=8_ternary_20,20,20_1.png"
water,water,ternary_TC20_OTC20_CTC20,R2,ternary,20,20,20,167.2502289,177.932785,188.6043701,12.9542408,13.29242706,13.56303024,17810,16053,ok,,D:/Desktop/Distinguish_TC/project_data/rgb_results/rgb_results.csv,"ternary/water_ternary_20,20,20_1.jpg","cropped_cuvettes/water/ternary/water_ternary_20,20,20_1.png"
T=8,tris8,ternary_TC20_OTC20_CTC20,R3,ternary,20,20,20,178.87722778320312,237.6949615478516,224.0563201904297,17.434215545654297,14.985485076904297,17.476409912109375,17272,15785,ok,,D:/Desktop/Distinguish_TC/project_data_t8/rgb_results/rgb_results.csv,"ternary/T=8_ternary_20,20,20_2.jpg","cropped_cuvettes/T=8/ternary/T=8_ternary_20,20,20_2.png"
water,water,ternary_TC20_OTC20_CTC20,R3,ternary,20,20,20,166.7851715,176.7961578,187.7333679,13.10399151,13.37925625,13.7256813,18354,16562,ok,,D:/Desktop/Distinguish_TC/project_data/rgb_results/rgb_results.csv,"ternary/water_ternary_20,20,20_2.jpg","cropped_cuvettes/water/ternary/water_ternary_20,20,20_2.png"
T=8,tris8,ternary_TC36_OTC18_CTC6,R1,ternary,36,18,6,167.36358642578125,225.44406127929688,201.342529296875,14.012314796447754,15.807940483093262,14.885826110839844,17802,16142,ok,,D:/Desktop/Distinguish_TC/project_data_t8/rgb_results/rgb_results.csv,"ternary/T=8_ternary_36,18,6.jpg","cropped_cuvettes/T=8/ternary/T=8_ternary_36,18,6.png"
water,water,ternary_TC36_OTC18_CTC6,R1,ternary,36,18,6,160.3618622,165.3520508,176.053421,12.55109215,12.80076313,12.795681,18216,16415,ok,,D:/Desktop/Distinguish_TC/project_data/rgb_results/rgb_results.csv,"ternary/water_ternary_36,18,6.jpg","cropped_cuvettes/water/ternary/water_ternary_36,18,6.png"
T=8,tris8,ternary_TC36_OTC18_CTC6,R2,ternary,36,18,6,148.17889404296875,205.92942810058597,183.7075653076172,11.388193130493164,13.230308532714844,12.3003568649292,17408,15730,ok,,D:/Desktop/Distinguish_TC/project_data_t8/rgb_results/rgb_results.csv,"ternary/T=8_ternary_36,18,6_1.jpg","cropped_cuvettes/T=8/ternary/T=8_ternary_36,18,6_1.png"
water,water,ternary_TC36_OTC18_CTC6,R2,ternary,36,18,6,159.4806519,164.4279175,174.4189148,12.34885502,12.74559593,12.7987175,17820,16230,ok,,D:/Desktop/Distinguish_TC/project_data/rgb_results/rgb_results.csv,"ternary/water_ternary_36,18,6_1.jpg","cropped_cuvettes/water/ternary/water_ternary_36,18,6_1.png"
T=8,tris8,ternary_TC36_OTC18_CTC6,R3,ternary,36,18,6,148.17889404296875,205.92942810058597,183.7075653076172,11.388193130493164,13.230308532714844,12.3003568649292,17408,15730,ok,,D:/Desktop/Distinguish_TC/project_data_t8/rgb_results/rgb_results.csv,"ternary/T=8_ternary_36,18,6_2.jpg","cropped_cuvettes/T=8/ternary/T=8_ternary_36,18,6_2.png"
water,water,ternary_TC36_OTC18_CTC6,R3,ternary,36,18,6,159.8751068,165.4159851,175.442337,12.48344612,12.63896751,12.50970364,18084,16318,ok,,D:/Desktop/Distinguish_TC/project_data/rgb_results/rgb_results.csv,"ternary/water_ternary_36,18,6_2.jpg","cropped_cuvettes/water/ternary/water_ternary_36,18,6_2.png"
T=8,tris8,ternary_TC36_OTC6_CTC18,R1,ternary,36,6,18,159.63107299804688,213.9109344482422,189.38986206054688,17.39320945739746,20.045692443847656,18.21372604370117,18221,16483,ok,,D:/Desktop/Distinguish_TC/project_data_t8/rgb_results/rgb_results.csv,"ternary/T=8_ternary_36,6,18.jpg","cropped_cuvettes/T=8/ternary/T=8_ternary_36,6,18.png"
water,water,ternary_TC36_OTC6_CTC18,R1,ternary,36,6,18,165.1054688,161.1059723,166.4837189,13.74628353,13.10744476,13.45425701,17810,16222,ok,,D:/Desktop/Distinguish_TC/project_data/rgb_results/rgb_results.csv,"ternary/water_ternary_36,6,18.jpg","cropped_cuvettes/water/ternary/water_ternary_36,6,18.png"
T=8,tris8,ternary_TC36_OTC6_CTC18,R2,ternary,36,6,18,166.65142822265625,221.29983520507807,196.8160095214844,17.802265167236328,20.070661544799805,18.73312187194824,17816,16169,ok,,D:/Desktop/Distinguish_TC/project_data_t8/rgb_results/rgb_results.csv,"ternary/T=8_ternary_36,6,18_1.jpg","cropped_cuvettes/T=8/ternary/T=8_ternary_36,6,18_1.png"
water,water,ternary_TC36_OTC6_CTC18,R2,ternary,36,6,18,164.8961182,160.3284607,166.0636597,13.29069901,12.86565018,13.15607452,17673,16008,ok,,D:/Desktop/Distinguish_TC/project_data/rgb_results/rgb_results.csv,"ternary/water_ternary_36,6,18_1.jpg","cropped_cuvettes/water/ternary/water_ternary_36,6,18_1.png"
T=8,tris8,ternary_TC36_OTC6_CTC18,R3,ternary,36,6,18,168.74024963378906,222.8166961669922,198.1017608642578,18.1190128326416,20.005590438842773,18.963106155395508,17947,16312,ok,,D:/Desktop/Distinguish_TC/project_data_t8/rgb_results/rgb_results.csv,"ternary/T=8_ternary_36,6,18_2.jpg","cropped_cuvettes/T=8/ternary/T=8_ternary_36,6,18_2.png"
water,water,ternary_TC36_OTC6_CTC18,R3,ternary,36,6,18,164.7928925,160.7413483,166.145752,13.33099174,13.37842369,13.66704941,17685,16006,ok,,D:/Desktop/Distinguish_TC/project_data/rgb_results/rgb_results.csv,"ternary/water_ternary_36,6,18_2.jpg","cropped_cuvettes/water/ternary/water_ternary_36,6,18_2.png"
T=8,tris8,ternary_TC48_OTC6_CTC6,R1,ternary,48,6,6,158.29119873046875,178.41639709472656,177.42665100097656,15.897908210754396,16.40866470336914,16.203144073486328,17010,15591,ok,,D:/Desktop/Distinguish_TC/project_data_t8/rgb_results/rgb_results.csv,"ternary/T=8_ternary_48,6,6.jpg","cropped_cuvettes/T=8/ternary/T=8_ternary_48,6,6.png"
water,water,ternary_TC48_OTC6_CTC6,R1,ternary,48,6,6,163.2813263,158.1752625,162.2075806,14.70567894,14.29711533,14.43509293,18216,16490,ok,,D:/Desktop/Distinguish_TC/project_data/rgb_results/rgb_results.csv,"ternary/water_ternary_48,6,6.jpg","cropped_cuvettes/water/ternary/water_ternary_48,6,6.png"
T=8,tris8,ternary_TC48_OTC6_CTC6,R2,ternary,48,6,6,161.12948608398438,181.0936584472656,180.0695037841797,15.45521640777588,16.022268295288086,15.906011581420898,17000,15353,ok,,D:/Desktop/Distinguish_TC/project_data_t8/rgb_results/rgb_results.csv,"ternary/T=8_ternary_48,6,6_1.jpg","cropped_cuvettes/T=8/ternary/T=8_ternary_48,6,6_1.png"
water,water,ternary_TC48_OTC6_CTC6,R2,ternary,48,6,6,163.390152,158.5868378,162.3149872,15.03519821,14.29976463,14.48541546,17947,16340,ok,,D:/Desktop/Distinguish_TC/project_data/rgb_results/rgb_results.csv,"ternary/water_ternary_48,6,6_1.jpg","cropped_cuvettes/water/ternary/water_ternary_48,6,6_1.png"
T=8,tris8,ternary_TC48_OTC6_CTC6,R3,ternary,48,6,6,159.97988891601562,180.48358154296875,179.19027709960938,15.521949768066406,16.092931747436523,15.865949630737305,17125,15567,ok,,D:/Desktop/Distinguish_TC/project_data_t8/rgb_results/rgb_results.csv,"ternary/T=8_ternary_48,6,6_2.jpg","cropped_cuvettes/T=8/ternary/T=8_ternary_48,6,6_2.png"
water,water,ternary_TC48_OTC6_CTC6,R3,ternary,48,6,6,162.7981415,158.0669403,161.7911682,14.88892651,14.22327423,14.33230782,18084,16343,ok,,D:/Desktop/Distinguish_TC/project_data/rgb_results/rgb_results.csv,"ternary/water_ternary_48,6,6_2.jpg","cropped_cuvettes/water/ternary/water_ternary_48,6,6_2.png"
T=8,tris8,ternary_TC6_OTC18_CTC36,R1,ternary,6,18,36,150.15277099609375,207.3957061767578,199.91033935546875,14.14521026611328,16.486019134521484,16.127853393554688,17544,15860,ok,,D:/Desktop/Distinguish_TC/project_data_t8/rgb_results/rgb_results.csv,"ternary/T=8_ternary_6,18,36.jpg","cropped_cuvettes/T=8/ternary/T=8_ternary_6,18,36.png"
water,water,ternary_TC6_OTC18_CTC36,R1,ternary,6,18,36,165.4072266,174.3908691,183.5180817,12.41157055,12.35226727,12.43063068,18221,16617,ok,,D:/Desktop/Distinguish_TC/project_data/rgb_results/rgb_results.csv,"ternary/water_ternary_6,18,36.jpg","cropped_cuvettes/water/ternary/water_ternary_6,18,36.png"
T=8,tris8,ternary_TC6_OTC18_CTC36,R2,ternary,6,18,36,144.5501251220703,199.93753051757807,192.4580078125,13.123438835144045,15.88720417022705,15.433704376220703,17145,15513,ok,,D:/Desktop/Distinguish_TC/project_data_t8/rgb_results/rgb_results.csv,"ternary/T=8_ternary_6,18,36_1.jpg","cropped_cuvettes/T=8/ternary/T=8_ternary_6,18,36_1.png"
water,water,ternary_TC6_OTC18_CTC36,R2,ternary,6,18,36,167.3882446,176.4454041,185.8227844,12.19272041,12.09648991,12.45022106,17550,15936,ok,,D:/Desktop/Distinguish_TC/project_data/rgb_results/rgb_results.csv,"ternary/water_ternary_6,18,36_1.jpg","cropped_cuvettes/water/ternary/water_ternary_6,18,36_1.png"
T=8,tris8,ternary_TC6_OTC18_CTC36,R3,ternary,6,18,36,148.899658203125,205.6680908203125,197.50050354003903,13.80056858062744,16.20753288269043,15.68748378753662,17544,15836,ok,,D:/Desktop/Distinguish_TC/project_data_t8/rgb_results/rgb_results.csv,"ternary/T=8_ternary_6,18,36_2.jpg","cropped_cuvettes/T=8/ternary/T=8_ternary_6,18,36_2.png"
water,water,ternary_TC6_OTC18_CTC36,R3,ternary,6,18,36,165.272644,175.0203094,183.894577,11.81960678,12.041749,12.14834213,18088,16296,ok,,D:/Desktop/Distinguish_TC/project_data/rgb_results/rgb_results.csv,"ternary/water_ternary_6,18,36_2.jpg","cropped_cuvettes/water/ternary/water_ternary_6,18,36_2.png"
T=8,tris8,ternary_TC6_OTC36_CTC18,R1,ternary,6,36,18,158.64788818359375,232.1174774169922,225.9342498779297,12.925467491149902,14.150397300720217,14.209063529968262,17399,15833,ok,,D:/Desktop/Distinguish_TC/project_data_t8/rgb_results/rgb_results.csv,"ternary/T=8_ternary_6,36,18.jpg","cropped_cuvettes/T=8/ternary/T=8_ternary_6,36,18.png"
water,water,ternary_TC6_OTC36_CTC18,R1,ternary,6,36,18,159.3267517,182.8881683,201.1467438,11.33768749,11.69238472,12.75835037,18084,16471,ok,,D:/Desktop/Distinguish_TC/project_data/rgb_results/rgb_results.csv,"ternary/water_ternary_6,36,18.jpg","cropped_cuvettes/water/ternary/water_ternary_6,36,18.png"
T=8,tris8,ternary_TC6_OTC36_CTC18,R2,ternary,6,36,18,119.55362701416016,181.55447387695312,176.38571166992188,7.175524711608887,8.423018455505371,8.33179759979248,17136,15431,ok,,D:/Desktop/Distinguish_TC/project_data_t8/rgb_results/rgb_results.csv,"ternary/T=8_ternary_6,36,18_1.jpg","cropped_cuvettes/T=8/ternary/T=8_ternary_6,36,18_1.png"
water,water,ternary_TC6_OTC36_CTC18,R2,ternary,6,36,18,161.6575928,185.1698914,203.1767273,11.15728474,11.54452324,12.72895622,18084,16393,ok,,D:/Desktop/Distinguish_TC/project_data/rgb_results/rgb_results.csv,"ternary/water_ternary_6,36,18_1.jpg","cropped_cuvettes/water/ternary/water_ternary_6,36,18_1.png"
T=8,tris8,ternary_TC6_OTC36_CTC18,R3,ternary,6,36,18,109.06268310546876,170.74493408203125,165.99574279785156,6.045543670654297,7.057735919952393,7.279430389404297,17272,15729,ok,,D:/Desktop/Distinguish_TC/project_data_t8/rgb_results/rgb_results.csv,"ternary/T=8_ternary_6,36,18_2.jpg","cropped_cuvettes/T=8/ternary/T=8_ternary_6,36,18_2.png"
water,water,ternary_TC6_OTC36_CTC18,R3,ternary,6,36,18,161.1352081,184.0408478,202.4291687,11.30970287,11.74848461,12.66964245,18084,16404,ok,,D:/Desktop/Distinguish_TC/project_data/rgb_results/rgb_results.csv,"ternary/water_ternary_6,36,18_2.jpg","cropped_cuvettes/water/ternary/water_ternary_6,36,18_2.png"
T=8,tris8,ternary_TC6_OTC48_CTC6,R1,ternary,6,48,6,183.31930541992188,252.57012939453125,252.41632080078125,15.422473907470703,1.717646837234497,2.257007837295532,17673,16235,ok,,D:/Desktop/Distinguish_TC/project_data_t8/rgb_results/rgb_results.csv,"ternary/T=8_ternary_6,48,6.jpg","cropped_cuvettes/T=8/ternary/T=8_ternary_6,48,6.png"
water,water,ternary_TC6_OTC48_CTC6,R1,ternary,6,48,6,170.0432587,206.3268738,231.0225677,10.77311516,11.6671772,12.26291752,17952,16346,ok,,D:/Desktop/Distinguish_TC/project_data/rgb_results/rgb_results.csv,"ternary/water_ternary_6,48,6.jpg","cropped_cuvettes/water/ternary/water_ternary_6,48,6.png"
T=8,tris8,ternary_TC6_OTC48_CTC6,R2,ternary,6,48,6,175.10902404785156,251.1592254638672,250.33499145507807,13.131071090698242,3.345102310180664,4.03717041015625,17399,15896,ok,,D:/Desktop/Distinguish_TC/project_data_t8/rgb_results/rgb_results.csv,"ternary/T=8_ternary_6,48,6_1.jpg","cropped_cuvettes/T=8/ternary/T=8_ternary_6,48,6_1.png"
water,water,ternary_TC6_OTC48_CTC6,R2,ternary,6,48,6,169.5870514,206.3798523,230.4886322,10.58280754,11.40500736,12.13500786,18084,16317,ok,,D:/Desktop/Distinguish_TC/project_data/rgb_results/rgb_results.csv,"ternary/water_ternary_6,48,6_1.jpg","cropped_cuvettes/water/ternary/water_ternary_6,48,6_1.png"
T=8,tris8,ternary_TC6_OTC48_CTC6,R3,ternary,6,48,6,175.10902404785156,251.1592254638672,250.33499145507807,13.131071090698242,3.345102310180664,4.03717041015625,17399,15896,ok,,D:/Desktop/Distinguish_TC/project_data_t8/rgb_results/rgb_results.csv,"ternary/T=8_ternary_6,48,6_2.jpg","cropped_cuvettes/T=8/ternary/T=8_ternary_6,48,6_2.png"
water,water,ternary_TC6_OTC48_CTC6,R3,ternary,6,48,6,170.4733276,207.2499847,230.6819916,10.51412773,11.32490349,12.16842365,18088,16361,ok,,D:/Desktop/Distinguish_TC/project_data/rgb_results/rgb_results.csv,"ternary/water_ternary_6,48,6_2.jpg","cropped_cuvettes/water/ternary/water_ternary_6,48,6_2.png"
T=8,tris8,ternary_TC6_OTC6_CTC48,R1,ternary,6,6,48,160.24501037597656,213.18821716308597,208.3006134033203,15.16419792175293,17.46776580810547,16.89491081237793,18487,16832,ok,,D:/Desktop/Distinguish_TC/project_data_t8/rgb_results/rgb_results.csv,"ternary/T=8_ternary_6,6,48.jpg","cropped_cuvettes/T=8/ternary/T=8_ternary_6,6,48.png"
water,water,ternary_TC6_OTC6_CTC48,R1,ternary,6,6,48,166.7046967,165.703064,170.746109,12.78475571,12.81849957,12.90113354,18084,16546,ok,,D:/Desktop/Distinguish_TC/project_data/rgb_results/rgb_results.csv,"ternary/water_ternary_6,6,48.jpg","cropped_cuvettes/water/ternary/water_ternary_6,6,48.png"
T=8,tris8,ternary_TC6_OTC6_CTC48,R2,ternary,6,6,48,160.29310607910156,214.08938598632807,209.1490936279297,15.035758972167969,17.450876235961914,16.722131729125977,18354,16680,ok,,D:/Desktop/Distinguish_TC/project_data_t8/rgb_results/rgb_results.csv,"ternary/T=8_ternary_6,6,48_1.jpg","cropped_cuvettes/T=8/ternary/T=8_ternary_6,6,48_1.png"
water,water,ternary_TC6_OTC6_CTC48,R2,ternary,6,6,48,167.3357391,166.2790375,171.1498871,12.4163723,12.36528587,12.46661472,18216,16525,ok,,D:/Desktop/Distinguish_TC/project_data/rgb_results/rgb_results.csv,"ternary/water_ternary_6,6,48_1.jpg","cropped_cuvettes/water/ternary/water_ternary_6,6,48_1.png"
T=8,tris8,ternary_TC6_OTC6_CTC48,R3,ternary,6,6,48,161.1831512451172,213.92420959472656,209.40237426757807,14.131953239440918,16.231138229370117,15.663945198059082,17947,16189,ok,,D:/Desktop/Distinguish_TC/project_data_t8/rgb_results/rgb_results.csv,"ternary/T=8_ternary_6,6,48_2.jpg","cropped_cuvettes/T=8/ternary/T=8_ternary_6,6,48_2.png"
water,water,ternary_TC6_OTC6_CTC48,R3,ternary,6,6,48,168.5705261,166.6739349,171.2036743,12.61156368,12.48221588,12.96577168,18216,16527,ok,,D:/Desktop/Distinguish_TC/project_data/rgb_results/rgb_results.csv,"ternary/water_ternary_6,6,48_2.jpg","cropped_cuvettes/water/ternary/water_ternary_6,6,48_2.png"
