sample_name,replicate_id,group_type,tc_conc_uM,otc_conc_uM,ctc_conc_uM,expected_buffers,available_buffers,ok_buffers,missing_buffers,failed_buffers,warning_buffers,duplicate_buffers,qc_status
binary_TC0_OTC12_CTC48,R1,binary,0,12,48,"water,T=8","T=8,water","T=8,water",,,,,ready
binary_TC0_OTC12_CTC48,R2,binary,0,12,48,"water,T=8","T=8,water","T=8,water",,,,,ready
binary_TC0_OTC12_CTC48,R3,binary,0,12,48,"water,T=8","T=8,water","T=8,water",,,,,ready
binary_TC0_OTC18_CTC42,R1,binary,0,18,42,"water,T=8","T=8,water","T=8,water",,,,,ready
binary_TC0_OTC18_CTC42,R2,binary,0,18,42,"water,T=8","T=8,water","T=8,water",,,,,ready
binary_TC0_OTC18_CTC42,R3,binary,0,18,42,"water,T=8","T=8,water","T=8,water",,,,,ready
binary_TC0_OTC30_CTC30,R1,binary,0,30,30,"water,T=8","T=8,water","T=8,water",,,,,ready
binary_TC0_OTC30_CTC30,R2,binary,0,30,30,"water,T=8","T=8,water","T=8,water",,,,,ready
binary_TC0_OTC30_CTC30,R3,binary,0,30,30,"water,T=8","T=8,water","T=8,water",,,,,ready
binary_TC0_OTC42_CTC18,R1,binary,0,42,18,"water,T=8","T=8,water","T=8,water",,,,,ready
binary_TC0_OTC42_CTC18,R2,binary,0,42,18,"water,T=8","T=8,water","T=8,water",,,,,ready
binary_TC0_OTC42_CTC18,R3,binary,0,42,18,"water,T=8","T=8,water","T=8,water",,,,,ready
binary_TC0_OTC48_CTC12,R1,binary,0,48,12,"water,T=8","T=8,water","T=8,water",,,,,ready
binary_TC0_OTC48_CTC12,R2,binary,0,48,12,"water,T=8","T=8,water","T=8,water",,,,,ready
binary_TC0_OTC48_CTC12,R3,binary,0,48,12,"water,T=8","T=8,water","T=8,water",,,,,ready
binary_TC0_OTC54_CTC6,R1,binary,0,54,6,"water,T=8","T=8,water","T=8,water",,,,,ready
binary_TC0_OTC54_CTC6,R2,binary,0,54,6,"water,T=8","T=8,water","T=8,water",,,,,ready
binary_TC0_OTC54_CTC6,R3,binary,0,54,6,"water,T=8","T=8,water","T=8,water",,,,,ready
binary_TC0_OTC6_CTC54,R1,binary,0,6,54,"water,T=8","T=8,water","T=8,water",,,,,ready
binary_TC0_OTC6_CTC54,R2,binary,0,6,54,"water,T=8","T=8,water","T=8,water",,,,,ready
binary_TC0_OTC6_CTC54,R3,binary,0,6,54,"water,T=8","T=8,water","T=8,water",,,,,ready
binary_TC12_OTC0_CTC48,R1,binary,12,0,48,"water,T=8","T=8,water","T=8,water",,,,,ready
binary_TC12_OTC0_CTC48,R2,binary,12,0,48,"water,T=8","T=8,water","T=8,water",,,,,ready
binary_TC12_OTC0_CTC48,R3,binary,12,0,48,"water,T=8","T=8,water","T=8,water",,,,,ready
binary_TC12_OTC48_CTC0,R1,binary,12,48,0,"water,T=8","T=8,water","T=8,water",,,,,ready
binary_TC12_OTC48_CTC0,R2,binary,12,48,0,"water,T=8","T=8,water","T=8,water",,,,,ready
binary_TC12_OTC48_CTC0,R3,binary,12,48,0,"water,T=8","T=8,water","T=8,water",,,,,ready
binary_TC18_OTC0_CTC42,R1,binary,18,0,42,"water,T=8","T=8,water","T=8,water",,,,,ready
binary_TC18_OTC0_CTC42,R2,binary,18,0,42,"water,T=8","T=8,water","T=8,water",,,,,ready
binary_TC18_OTC0_CTC42,R3,binary,18,0,42,"water,T=8","T=8,water","T=8,water",,,,,ready
binary_TC18_OTC42_CTC0,R1,binary,18,42,0,"water,T=8","T=8,water","T=8,water",,,,,ready
binary_TC18_OTC42_CTC0,R2,binary,18,42,0,"water,T=8","T=8,water","T=8,water",,,,,ready
binary_TC18_OTC42_CTC0,R3,binary,18,42,0,"water,T=8","T=8,water","T=8,water",,,,,ready
binary_TC30_OTC0_CTC30,R1,binary,30,0,30,"water,T=8","T=8,water","T=8,water",,,,,ready
binary_TC30_OTC0_CTC30,R2,binary,30,0,30,"water,T=8","T=8,water","T=8,water",,,,,ready
binary_TC30_OTC0_CTC30,R3,binary,30,0,30,"water,T=8","T=8,water","T=8,water",,,,,ready
binary_TC30_OTC30_CTC0,R1,binary,30,30,0,"water,T=8","T=8,water","T=8,water",,,,,ready
binary_TC30_OTC30_CTC0,R2,binary,30,30,0,"water,T=8","T=8,water","T=8,water",,,,,ready
binary_TC30_OTC30_CTC0,R3,binary,30,30,0,"water,T=8","T=8,water","T=8,water",,,,,ready
binary_TC42_OTC0_CTC18,R1,binary,42,0,18,"water,T=8","T=8,water","T=8,water",,,,,ready
binary_TC42_OTC0_CTC18,R2,binary,42,0,18,"water,T=8","T=8,water","T=8,water",,,,,ready
binary_TC42_OTC0_CTC18,R3,binary,42,0,18,"water,T=8","T=8,water","T=8,water",,,,,ready
binary_TC42_OTC18_CTC0,R1,binary,42,18,0,"water,T=8","T=8,water","T=8,water",,,,,ready
binary_TC42_OTC18_CTC0,R2,binary,42,18,0,"water,T=8","T=8,water","T=8,water",,,,,ready
binary_TC42_OTC18_CTC0,R3,binary,42,18,0,"water,T=8","T=8,water","T=8,water",,,,,ready
binary_TC48_OTC0_CTC12,R1,binary,48,0,12,"water,T=8","T=8,water","T=8,water",,,,,ready
binary_TC48_OTC0_CTC12,R2,binary,48,0,12,"water,T=8","T=8,water","T=8,water",,,,,ready
binary_TC48_OTC0_CTC12,R3,binary,48,0,12,"water,T=8","T=8,water","T=8,water",,,,,ready
binary_TC48_OTC12_CTC0,R1,binary,48,12,0,"water,T=8","T=8,water","T=8,water",,,,,ready
binary_TC48_OTC12_CTC0,R2,binary,48,12,0,"water,T=8","T=8,water","T=8,water",,,,,ready
binary_TC48_OTC12_CTC0,R3,binary,48,12,0,"water,T=8","T=8,water","T=8,water",,,,,ready
binary_TC54_OTC0_CTC6,R1,binary,54,0,6,"water,T=8","T=8,water","T=8,water",,,,,ready
binary_TC54_OTC0_CTC6,R2,binary,54,0,6,"water,T=8","T=8,water","T=8,water",,,,,ready
binary_TC54_OTC0_CTC6,R3,binary,54,0,6,"water,T=8","T=8,water","T=8,water",,,,,ready
binary_TC54_OTC6_CTC0,R1,binary,54,6,0,"water,T=8","T=8,water","T=8,water",,,,,ready
binary_TC54_OTC6_CTC0,R2,binary,54,6,0,"water,T=8","T=8,water","T=8,water",,,,,ready
binary_TC54_OTC6_CTC0,R3,binary,54,6,0,"water,T=8","T=8,water","T=8,water",,,,,ready
binary_TC6_OTC0_CTC54,R1,binary,6,0,54,"water,T=8","T=8,water","T=8,water",,,,,ready
binary_TC6_OTC0_CTC54,R2,binary,6,0,54,"water,T=8","T=8,water","T=8,water",,,,,ready
binary_TC6_OTC0_CTC54,R3,binary,6,0,54,"water,T=8","T=8,water","T=8,water",,,,,ready
binary_TC6_OTC54_CTC0,R1,binary,6,54,0,"water,T=8","T=8,water","T=8,water",,,,,ready
binary_TC6_OTC54_CTC0,R2,binary,6,54,0,"water,T=8","T=8,water","T=8,water",,,,,ready
binary_TC6_OTC54_CTC0,R3,binary,6,54,0,"water,T=8","T=8,water","T=8,water",,,,,ready
blank_TC0_OTC0_CTC0,R1,blank,0,0,0,"water,T=8","T=8,water","T=8,water",,,,,ready
blank_TC0_OTC0_CTC0,R2,blank,0,0,0,"water,T=8","T=8,water","T=8,water",,,,,ready
blank_TC0_OTC0_CTC0,R3,blank,0,0,0,"water,T=8","T=8,water","T=8,water",,,,,ready
single_TC0_OTC0_CTC60,R1,single,0,0,60,"water,T=8","T=8,water","T=8,water",,,,,ready
single_TC0_OTC0_CTC60,R2,single,0,0,60,"water,T=8","T=8,water","T=8,water",,,,,ready
single_TC0_OTC0_CTC60,R3,single,0,0,60,"water,T=8","T=8,water","T=8,water",,,,,ready
single_TC0_OTC60_CTC0,R1,single,0,60,0,"water,T=8","T=8,water","T=8,water",,,,,ready
single_TC0_OTC60_CTC0,R2,single,0,60,0,"water,T=8","T=8,water","T=8,water",,,,,ready
single_TC0_OTC60_CTC0,R3,single,0,60,0,"water,T=8","T=8,water","T=8,water",,,,,ready
single_TC60_OTC0_CTC0,R1,single,60,0,0,"water,T=8","T=8,water","T=8,water",,,,,ready
single_TC60_OTC0_CTC0,R2,single,60,0,0,"water,T=8","T=8,water","T=8,water",,,,,ready
single_TC60_OTC0_CTC0,R3,single,60,0,0,"water,T=8","T=8,water","T=8,water",,,,,ready
ternary_TC18_OTC36_CTC6,R1,ternary,18,36,6,"water,T=8","T=8,water","T=8,water",,,,,ready
ternary_TC18_OTC36_CTC6,R2,ternary,18,36,6,"water,T=8","T=8,water","T=8,water",,,,,ready
ternary_TC18_OTC36_CTC6,R3,ternary,18,36,6,"water,T=8","T=8,water","T=8,water",,,,,ready
ternary_TC18_OTC6_CTC36,R1,ternary,18,6,36,"water,T=8","T=8,water","T=8,water",,,,,ready
ternary_TC18_OTC6_CTC36,R2,ternary,18,6,36,"water,T=8","T=8,water","T=8,water",,,,,ready
ternary_TC18_OTC6_CTC36,R3,ternary,18,6,36,"water,T=8","T=8,water","T=8,water",,,,,ready
ternary_TC20_OTC20_CTC20,R1,ternary,20,20,20,"water,T=8","T=8,water","T=8,water",,,,,ready
ternary_TC20_OTC20_CTC20,R2,ternary,20,20,20,"water,T=8","T=8,water","T=8,water",,,,,ready
ternary_TC20_OTC20_CTC20,R3,ternary,20,20,20,"water,T=8","T=8,water","T=8,water",,,,,ready
ternary_TC36_OTC18_CTC6,R1,ternary,36,18,6,"water,T=8","T=8,water","T=8,water",,,,,ready
ternary_TC36_OTC18_CTC6,R2,ternary,36,18,6,"water,T=8","T=8,water","T=8,water",,,,,ready
ternary_TC36_OTC18_CTC6,R3,ternary,36,18,6,"water,T=8","T=8,water","T=8,water",,,,,ready
ternary_TC36_OTC6_CTC18,R1,ternary,36,6,18,"water,T=8","T=8,water","T=8,water",,,,,ready
ternary_TC36_OTC6_CTC18,R2,ternary,36,6,18,"water,T=8","T=8,water","T=8,water",,,,,ready
ternary_TC36_OTC6_CTC18,R3,ternary,36,6,18,"water,T=8","T=8,water","T=8,water",,,,,ready
ternary_TC48_OTC6_CTC6,R1,ternary,48,6,6,"water,T=8","T=8,water","T=8,water",,,,,ready
ternary_TC48_OTC6_CTC6,R2,ternary,48,6,6,"water,T=8","T=8,water","T=8,water",,,,,ready
ternary_TC48_OTC6_CTC6,R3,ternary,48,6,6,"water,T=8","T=8,water","T=8,water",,,,,ready
ternary_TC6_OTC18_CTC36,R1,ternary,6,18,36,"water,T=8","T=8,water","T=8,water",,,,,ready
ternary_TC6_OTC18_CTC36,R2,ternary,6,18,36,"water,T=8","T=8,water","T=8,water",,,,,ready
ternary_TC6_OTC18_CTC36,R3,ternary,6,18,36,"water,T=8","T=8,water","T=8,water",,,,,ready
ternary_TC6_OTC36_CTC18,R1,ternary,6,36,18,"water,T=8","T=8,water","T=8,water",,,,,ready
ternary_TC6_OTC36_CTC18,R2,ternary,6,36,18,"water,T=8","T=8,water","T=8,water",,,,,ready
ternary_TC6_OTC36_CTC18,R3,ternary,6,36,18,"water,T=8","T=8,water","T=8,water",,,,,ready
ternary_TC6_OTC48_CTC6,R1,ternary,6,48,6,"water,T=8","T=8,water","T=8,water",,,,,ready
ternary_TC6_OTC48_CTC6,R2,ternary,6,48,6,"water,T=8","T=8,water","T=8,water",,,,,ready
ternary_TC6_OTC48_CTC6,R3,ternary,6,48,6,"water,T=8","T=8,water","T=8,water",,,,,ready
ternary_TC6_OTC6_CTC48,R1,ternary,6,6,48,"water,T=8","T=8,water","T=8,water",,,,,ready
ternary_TC6_OTC6_CTC48,R2,ternary,6,6,48,"water,T=8","T=8,water","T=8,water",,,,,ready
ternary_TC6_OTC6_CTC48,R3,ternary,6,6,48,"water,T=8","T=8,water","T=8,water",,,,,ready
