image_path,crop_path,buffer_name,group_type,sample_name,replicate_id,tc_conc_uM,otc_conc_uM,ctc_conc_uM,roi_mean_r,roi_mean_g,roi_mean_b,roi_std_r,roi_std_g,roi_std_b,hsv_mean_h,hsv_mean_s,hsv_mean_v,hsv_std_h,hsv_std_s,hsv_std_v,lab_mean_l,lab_mean_a,lab_mean_b,lab_std_l,lab_std_a,lab_std_b,pixel_count,kept_pixel_count,status,warning,roi_profile_name,preview_path,error_message
"binary/T=5_binary_0,12,48.jpg","cropped_cuvettes/T=5/binary/T=5_binary_0,12,48.png",T=5,binary,binary_TC0_OTC12_CTC48,R1,0,12,48,143.9281768798828,147.84246826171875,155.329833984375,9.544118881225586,9.536920547485352,9.890186309814453,109.64581298828125,18.754926681518555,155.329833984375,2.779486894607544,1.9750844240188599,9.890186309814453,156.03131103515625,127.93344116210938,123.59617614746094,9.260420799255371,0.6891043782234192,0.5373714566230774,18078,16542,ok,,default_roi,"previews/T=5/binary/T=5_binary_0,12,48.png",
"binary/T=5_binary_0,12,48_1.jpg","cropped_cuvettes/T=5/binary/T=5_binary_0,12,48_1.png",T=5,binary,binary_TC0_OTC12_CTC48,R2,0,12,48,146.5016632080078,149.73829650878906,157.39297485351562,9.111480712890625,9.447189331054688,9.636709213256836,111.2838363647461,17.65964698791504,157.39297485351562,4.360123634338379,2.45373797416687,9.636709213256836,158.0143280029297,128.30081176757812,123.61752319335938,9.047019958496094,0.9532122015953064,0.7574941515922546,17399,15907,ok,,default_roi,"previews/T=5/binary/T=5_binary_0,12,48_1.png",
"binary/T=5_binary_0,12,48_2.jpg","cropped_cuvettes/T=5/binary/T=5_binary_0,12,48_2.png",T=5,binary,binary_TC0_OTC12_CTC48,R3,0,12,48,143.97608947753906,147.43299865722656,155.3437957763672,9.075033187866211,9.374768257141113,9.790199279785156,111.03816223144531,18.657499313354492,155.3437957763672,4.014482498168945,2.614149570465088,9.790199279785156,155.7665252685547,128.29473876953125,123.46682739257812,9.014557838439941,0.9236465692520142,0.823925256729126,17802,16143,ok,,default_roi,"previews/T=5/binary/T=5_binary_0,12,48_2.png",
"binary/T=5_binary_0,18,42.jpg","cropped_cuvettes/T=5/binary/T=5_binary_0,18,42.png",T=5,binary,binary_TC0_OTC18_CTC42,R1,0,18,42,145.87135314941406,155.9129180908203,167.0196990966797,9.352179527282715,9.74981689453125,9.619665145874023,105.58349609375,32.359188079833984,167.0196990966797,1.3348101377487183,2.3457915782928467,9.619665145874023,162.8559112548828,126.69941711425781,120.97152709960938,9.385000228881836,0.6609746217727661,0.8253686428070068,17802,16192,ok,,default_roi,"previews/T=5/binary/T=5_binary_0,18,42.png",
"binary/T=5_binary_0,18,42_1.jpg","cropped_cuvettes/T=5/binary/T=5_binary_0,18,42_1.png",T=5,binary,binary_TC0_OTC18_CTC42,R2,0,18,42,145.47157287597656,155.4413604736328,165.77520751953125,9.268604278564453,9.803325653076172,9.587834358215332,105.18256378173828,31.27873420715332,165.77520751953125,1.9424916505813599,2.3540332317352295,9.587834358215332,162.38760375976562,126.54112243652344,121.47212982177734,9.349494934082031,0.8673562407493591,0.787196695804596,17802,16148,ok,,default_roi,"previews/T=5/binary/T=5_binary_0,18,42_1.png",
"binary/T=5_binary_0,18,42_2.jpg","cropped_cuvettes/T=5/binary/T=5_binary_0,18,42_2.png",T=5,binary,binary_TC0_OTC18_CTC42,R3,0,18,42,145.04904174804688,155.2694549560547,165.8250732421875,9.17844295501709,9.670105934143066,9.25181770324707,105.12846374511719,32.022987365722656,165.8250732421875,1.9615867137908936,2.7184255123138428,9.25181770324707,162.18634033203125,126.52361297607422,121.2784652709961,9.273756980895996,0.8956709504127502,0.937644898891449,17673,15966,ok,,default_roi,"previews/T=5/binary/T=5_binary_0,18,42_2.png",
"binary/T=5_binary_0,30,30.jpg","cropped_cuvettes/T=5/binary/T=5_binary_0,30,30.png",T=5,binary,binary_TC0_OTC30_CTC30,R1,0,30,30,151.52249145507812,168.9391326904297,184.76344299316406,10.907940864562988,11.11877155303955,11.337013244628906,104.50321960449219,46.01432800292969,184.76344299316406,0.8539575934410095,2.4420242309570312,11.337013244628906,174.41085815429688,125.32073211669922,117.99223327636719,10.58654499053955,0.4848480820655823,0.41216298937797546,18216,16609,ok,,default_roi,"previews/T=5/binary/T=5_binary_0,30,30.png",
"binary/T=5_binary_0,30,30_1.jpg","cropped_cuvettes/T=5/binary/T=5_binary_0,30,30_1.png",T=5,binary,binary_TC0_OTC30_CTC30,R2,0,30,30,150.24562072753906,168.19894409179688,183.96469116210938,10.414078712463379,10.683664321899414,10.725995063781738,104.079345703125,46.86922073364258,183.96469116210938,1.3517839908599854,3.0060269832611084,10.725995063781738,173.62513732910156,125.17091369628906,117.89212799072266,10.113962173461914,0.9063060879707336,0.7555043697357178,18078,16371,ok,,default_roi,"previews/T=5/binary/T=5_binary_0,30,30_1.png",
"binary/T=5_binary_0,30,30_2.jpg","cropped_cuvettes/T=5/binary/T=5_binary_0,30,30_2.png",T=5,binary,binary_TC0_OTC30_CTC30,R3,0,30,30,149.60867309570312,167.7170867919922,182.75547790527344,10.695352554321289,10.817034721374512,10.92939281463623,103.6785659790039,46.387779235839844,182.75547790527344,1.2809474468231201,2.941258430480957,10.92939281463623,173.0948486328125,124.98577880859375,118.27491760253906,10.276824951171875,0.8255013823509216,0.7260575294494629,18070,16383,ok,,default_roi,"previews/T=5/binary/T=5_binary_0,30,30_2.png",
"binary/T=5_binary_0,42,18.jpg","cropped_cuvettes/T=5/binary/T=5_binary_0,42,18.png",T=5,binary,binary_TC0_OTC42_CTC18,R1,0,42,18,147.550048828125,178.2221221923828,198.83447265625,9.838767051696777,10.4678316116333,10.988203048706055,102.1462631225586,65.87513732910156,198.83447265625,0.5210464000701904,2.5892531871795654,10.988203048706055,181.3330078125,122.14933013916016,114.02741241455078,9.787856101989746,0.4523681402206421,0.38766470551490784,17947,16306,ok,,default_roi,"previews/T=5/binary/T=5_binary_0,42,18.png",
"binary/T=5_binary_0,42,18_1.jpg","cropped_cuvettes/T=5/binary/T=5_binary_0,42,18_1.png",T=5,binary,binary_TC0_OTC42_CTC18,R2,0,42,18,147.259765625,177.70645141601562,198.49122619628906,10.002676010131836,10.502225875854492,10.972846984863281,102.19048309326172,65.9322509765625,198.49122619628906,0.6450797915458679,2.768615484237671,10.972846984863281,180.8746337890625,122.2273178100586,113.99664306640625,9.839859962463379,0.5833169221878052,0.5543798804283142,17947,16369,ok,,default_roi,"previews/T=5/binary/T=5_binary_0,42,18_1.png",
"binary/T=5_binary_0,42,18_2.jpg","cropped_cuvettes/T=5/binary/T=5_binary_0,42,18_2.png",T=5,binary,binary_TC0_OTC42_CTC18,R3,0,42,18,147.43179321289062,177.52333068847656,197.84764099121094,10.098066329956055,10.606335639953613,11.088953018188477,102.1025161743164,65.07701110839844,197.84764099121094,0.9061200022697449,3.0810117721557617,11.088953018188477,180.74940490722656,122.2614517211914,114.26151275634766,9.925361633300781,0.751961350440979,0.7822223901748657,17685,16114,ok,,default_roi,"previews/T=5/binary/T=5_binary_0,42,18_2.png",
"binary/T=5_binary_0,48,12.jpg","cropped_cuvettes/T=5/binary/T=5_binary_0,48,12.png",T=5,binary,binary_TC0_OTC48_CTC12,R1,0,48,12,127.9218521118164,161.18997192382812,183.05630493164062,7.396653175354004,8.785761833190918,9.07632827758789,102.15015411376953,76.87094116210938,183.05630493164062,0.5587412118911743,1.9486771821975708,9.07632827758789,164.74697875976562,121.63062286376953,112.95804595947266,8.361398696899414,0.639747679233551,0.5118408203125,17947,16303,ok,,default_roi,"previews/T=5/binary/T=5_binary_0,48,12.png",
"binary/T=5_binary_0,48,12_1.jpg","cropped_cuvettes/T=5/binary/T=5_binary_0,48,12_1.png",T=5,binary,binary_TC0_OTC48_CTC12,R2,0,48,12,128.23153686523438,161.15374755859375,182.47015380859375,7.476186275482178,8.704801559448242,9.052794456481934,101.91292572021484,75.88927459716797,182.47015380859375,0.6560617089271545,2.263728618621826,9.052794456481934,164.80335998535156,121.68280029296875,113.30742645263672,8.282800674438477,0.6749208569526672,0.6891680955886841,17947,16365,ok,,default_roi,"previews/T=5/binary/T=5_binary_0,48,12_1.png",
"binary/T=5_binary_0,48,12_2.jpg","cropped_cuvettes/T=5/binary/T=5_binary_0,48,12_2.png",T=5,binary,binary_TC0_OTC48_CTC12,R3,0,48,12,128.13937377929688,161.18186950683594,182.4702911376953,7.657495498657227,8.753076553344727,9.093653678894043,101.9004135131836,76.03062438964844,182.4702911376953,0.6638944745063782,2.447815179824829,9.093653678894043,164.8043212890625,121.655029296875,113.29239654541016,8.346253395080566,0.6678878664970398,0.6882080435752869,17947,16358,ok,,default_roi,"previews/T=5/binary/T=5_binary_0,48,12_2.png",
"binary/T=5_binary_0,54,6.jpg","cropped_cuvettes/T=5/binary/T=5_binary_0,54,6.png",T=5,binary,binary_TC0_OTC54_CTC6,R1,0,54,6,124.61648559570312,163.7300262451172,187.40478515625,7.100144863128662,8.622834205627441,9.203639030456543,101.237548828125,85.4469985961914,187.40478515625,0.6453887820243835,1.8517159223556519,9.203639030456543,166.5480499267578,120.73014831542969,111.55043029785156,8.077723503112793,0.6950348019599915,0.5837604999542236,17408,15942,ok,,default_roi,"previews/T=5/binary/T=5_binary_0,54,6.png",
"binary/T=5_binary_0,54,6_1.jpg","cropped_cuvettes/T=5/binary/T=5_binary_0,54,6_1.png",T=5,binary,binary_TC0_OTC54_CTC6,R2,0,54,6,124.0770263671875,163.91275024414062,187.30564880371094,6.8795061111450195,8.40187931060791,9.005871772766113,100.96295928955078,86.09058380126953,187.30564880371094,0.7421809434890747,2.0363290309906006,9.005871772766113,166.5509796142578,120.42761993408203,111.60954284667969,7.850136756896973,0.8723735809326172,0.7671268582344055,17544,15930,ok,,default_roi,"previews/T=5/binary/T=5_binary_0,54,6_1.png",
"binary/T=5_binary_0,54,6_2.jpg","cropped_cuvettes/T=5/binary/T=5_binary_0,54,6_2.png",T=5,binary,binary_TC0_OTC54_CTC6,R3,0,54,6,126.64319610595703,164.7920379638672,188.35687255859375,7.372794151306152,8.65453052520752,9.173152923583984,101.3967056274414,83.5929183959961,188.35687255859375,0.8366368412971497,2.429905652999878,9.173152923583984,167.7117462158203,120.94071197509766,111.74064636230469,8.057415962219238,0.8753176927566528,0.8322839140892029,17544,16090,ok,,default_roi,"previews/T=5/binary/T=5_binary_0,54,6_2.png",
"binary/T=5_binary_0,6,54.jpg","cropped_cuvettes/T=5/binary/T=5_binary_0,6,54.png",T=5,binary,binary_TC0_OTC6_CTC54,R1,0,6,54,136.9648895263672,136.67144775390625,139.21788024902344,11.19480037689209,11.075157165527344,11.597784996032715,118.55755615234375,4.632513999938965,139.22280883789062,21.399097442626953,2.0452022552490234,11.592004776000977,145.5948486328125,128.37564086914062,126.71952056884766,10.961816787719727,0.51569002866745,0.720929741859436,17947,16436,ok,,default_roi,"previews/T=5/binary/T=5_binary_0,6,54.png",
"binary/T=5_binary_0,6,54_1.jpg","cropped_cuvettes/T=5/binary/T=5_binary_0,6,54_1.png",T=5,binary,binary_TC0_OTC6_CTC54,R2,0,6,54,137.04257202148438,136.87767028808594,139.30191040039062,10.937211990356445,10.873833656311035,11.120803833007812,112.86637115478516,4.479786396026611,139.30996704101562,30.44313621520996,2.413343906402588,11.122800827026367,145.7839813232422,128.33700561523438,126.74373626708984,10.739259719848633,0.5357778668403625,0.7952132225036621,17947,16276,ok,,default_roi,"previews/T=5/binary/T=5_binary_0,6,54_1.png",
"binary/T=5_binary_0,6,54_2.jpg","cropped_cuvettes/T=5/binary/T=5_binary_0,6,54_2.png",T=5,binary,binary_TC0_OTC6_CTC54,R3,0,6,54,136.5144500732422,135.13868713378906,137.9457244873047,11.17136001586914,11.153942108154297,11.545916557312012,124.64863586425781,5.611299514770508,138.1070098876953,35.54867172241211,2.7120115756988525,11.447208404541016,144.20164489746094,128.91830444335938,126.85157775878906,11.073592185974121,0.8982193470001221,0.7928151488304138,17947,16231,ok,,default_roi,"previews/T=5/binary/T=5_binary_0,6,54_2.png",
"binary/T=5_binary_12,0,48.jpg","cropped_cuvettes/T=5/binary/T=5_binary_12,0,48.png",T=5,binary,binary_TC12_OTC0_CTC48,R1,12,0,48,160.4917449951172,154.6509552001953,156.40524291992188,12.419302940368652,12.326705932617188,12.428705215454102,157.4696807861328,9.380183219909668,160.4917449951172,44.86795425415039,1.6447837352752686,12.419302940368652,164.2451629638672,130.6440887451172,128.07395935058594,11.918852806091309,0.5797531008720398,0.2914857268333435,17550,16279,ok,,default_roi,"previews/T=5/binary/T=5_binary_12,0,48.png",
"binary/T=5_binary_12,0,48_1.jpg","cropped_cuvettes/T=5/binary/T=5_binary_12,0,48_1.png",T=5,binary,binary_TC12_OTC0_CTC48,R2,12,0,48,161.06448364257812,155.19497680664062,156.83120727539062,12.28065299987793,12.030308723449707,12.159064292907715,140.6727752685547,9.525086402893066,161.0657501220703,62.94160461425781,2.3807477951049805,12.279709815979004,164.75892639160156,130.59283447265625,128.11509704589844,11.6183443069458,0.857425332069397,0.6093816757202148,17550,15925,ok,,default_roi,"previews/T=5/binary/T=5_binary_12,0,48_1.png",
"binary/T=5_binary_12,0,48_2.jpg","cropped_cuvettes/T=5/binary/T=5_binary_12,0,48_2.png",T=5,binary,binary_TC12_OTC0_CTC48,R3,12,0,48,161.62338256835938,155.685302734375,157.07945251464844,12.447331428527832,11.963082313537598,12.091715812683105,121.21908569335938,9.66195011138916,161.62481689453125,75.46803283691406,2.1602683067321777,12.445895195007324,165.22959899902344,130.51023864746094,128.24700927734375,11.588346481323242,0.8575959801673889,0.7278251647949219,17680,15971,ok,,default_roi,"previews/T=5/binary/T=5_binary_12,0,48_2.png",
"binary/T=5_binary_12,48,0.jpg","cropped_cuvettes/T=5/binary/T=5_binary_12,48,0.png",T=5,binary,binary_TC12_OTC48_CTC0,R1,12,48,0,148.7562255859375,182.0126495361328,204.79287719726562,10.676578521728516,11.50594711303711,12.45577335357666,102.49552154541016,69.89551544189453,204.79287719726562,0.5248852968215942,2.4342570304870605,12.45577335357666,184.69760131835938,121.75389862060547,112.96703338623047,10.694169044494629,0.5070504546165466,0.6852051615715027,18088,16290,ok,,default_roi,"previews/T=5/binary/T=5_binary_12,48,0.png",
"binary/T=5_binary_12,48,0_1.jpg","cropped_cuvettes/T=5/binary/T=5_binary_12,48,0_1.png",T=5,binary,binary_TC12_OTC48_CTC0,R2,12,48,0,147.70339965820312,182.03781127929688,203.97665405273438,10.468509674072266,11.343462944030762,12.046374320983887,101.85620880126953,70.4839096069336,203.97665405273438,0.7998607158660889,2.7295713424682617,12.046374320983887,184.48440551757812,121.3541488647461,113.17057800292969,10.496479988098145,0.6930264830589294,0.7986645698547363,18084,16315,ok,,default_roi,"previews/T=5/binary/T=5_binary_12,48,0_1.png",
"binary/T=5_binary_12,48,0_2.jpg","cropped_cuvettes/T=5/binary/T=5_binary_12,48,0_2.png",T=5,binary,binary_TC12_OTC48_CTC0,R3,12,48,0,147.87554931640625,181.0175018310547,203.60598754882812,10.379528999328613,11.122838973999023,12.10391902923584,102.35628509521484,69.90199279785156,203.60598754882812,0.7713706493377686,2.600881576538086,12.10391902923584,183.78561401367188,121.81131744384766,113.04167175292969,10.371578216552734,0.7346404194831848,0.8526338934898376,17952,16223,ok,,default_roi,"previews/T=5/binary/T=5_binary_12,48,0_2.png",
"binary/T=5_binary_18,0,42.jpg","cropped_cuvettes/T=5/binary/T=5_binary_18,0,42.png",T=5,binary,binary_TC18_OTC0_CTC42,R1,18,0,42,152.42465209960938,146.08583068847656,148.06285095214844,12.336821556091309,11.094975471496582,11.441835403442383,161.2397918701172,10.517204284667969,152.42515563964844,38.31581497192383,2.4274044036865234,12.336165428161621,156.07986450195312,130.91957092285156,128.02586364746094,10.995800018310547,0.7626019716262817,0.40427714586257935,17544,15926,ok,,default_roi,"previews/T=5/binary/T=5_binary_18,0,42.png",
"binary/T=5_binary_18,0,42_1.jpg","cropped_cuvettes/T=5/binary/T=5_binary_18,0,42_1.png",T=5,binary,binary_TC18_OTC0_CTC42,R2,18,0,42,153.28099060058594,147.0599365234375,148.9954376220703,11.654932022094727,10.881977081298828,11.177226066589355,153.65835571289062,10.403700828552246,153.28208923339844,49.22523498535156,2.6307566165924072,11.653491973876953,156.97750854492188,130.8451690673828,128.0147705078125,10.72998046875,0.8689413070678711,0.5302621722221375,17145,15566,ok,,default_roi,"previews/T=5/binary/T=5_binary_18,0,42_1.png",
"binary/T=5_binary_18,0,42_2.jpg","cropped_cuvettes/T=5/binary/T=5_binary_18,0,42_2.png",T=5,binary,binary_TC18_OTC0_CTC42,R3,18,0,42,156.12814331054688,149.22647094726562,151.5297088623047,11.899130821228027,11.00531005859375,11.27254581451416,155.8764190673828,11.2656888961792,156.1289825439453,45.42814254760742,2.819215774536133,11.897990226745605,159.25424194335938,131.1358642578125,127.93177795410156,10.859703063964844,0.9021193981170654,0.5948491096496582,17145,15552,ok,,default_roi,"previews/T=5/binary/T=5_binary_18,0,42_2.png",
"binary/T=5_binary_18,42,0.jpg","cropped_cuvettes/T=5/binary/T=5_binary_18,42,0.png",T=5,binary,binary_TC18_OTC42_CTC0,R1,18,42,0,137.18898010253906,163.20635986328125,182.81517028808594,9.872978210449219,10.68509292602539,11.115623474121094,102.65409851074219,63.760711669921875,182.81517028808594,0.6267402768135071,2.4934184551239014,11.115623474121094,167.74314880371094,123.50214385986328,114.90489959716797,10.220711708068848,0.557524561882019,0.5946075916290283,17816,16340,ok,,default_roi,"previews/T=5/binary/T=5_binary_18,42,0.png",
"binary/T=5_binary_18,42,0_1.jpg","cropped_cuvettes/T=5/binary/T=5_binary_18,42,0_1.png",T=5,binary,binary_TC18_OTC42_CTC0,R2,18,42,0,137.65579223632812,163.13662719726562,182.5231475830078,10.061691284179688,10.65964126586914,10.86793327331543,102.81230926513672,62.83079147338867,182.5231475830078,1.0905855894088745,3.265371561050415,10.86793327331543,167.7796630859375,123.59178161621094,115.07160186767578,10.108687400817871,0.8725000023841858,0.8162345290184021,16899,15531,ok,,default_roi,"previews/T=5/binary/T=5_binary_18,42,0_1.png",
"binary/T=5_binary_18,42,0_2.jpg","cropped_cuvettes/T=5/binary/T=5_binary_18,42,0_2.png",T=5,binary,binary_TC18_OTC42_CTC0,R3,18,42,0,137.0630645751953,162.72137451171875,181.9112548828125,9.541539192199707,10.41706657409668,10.400713920593262,102.6576919555664,62.99041748046875,181.9112548828125,1.021415114402771,2.943467378616333,10.400713920593262,167.3443145751953,123.51020812988281,115.13345336914062,9.841485977172852,0.8179433345794678,0.7181525230407715,17685,15968,ok,,default_roi,"previews/T=5/binary/T=5_binary_18,42,0_2.png",
"binary/T=5_binary_30,0,30.jpg","cropped_cuvettes/T=5/binary/T=5_binary_30,0,30.png",T=5,binary,binary_TC30_OTC0_CTC30,R1,30,0,30,171.4625701904297,162.0290985107422,165.9176483154297,14.778985977172852,14.526597023010254,14.30228042602539,167.54278564453125,14.106390953063965,171.4625701904297,3.3667635917663574,1.5284488201141357,14.778985977172852,172.21351623535156,132.2209930419922,127.41466522216797,13.83138656616211,0.45185142755508423,0.6740003824234009,17947,16430,ok,,default_roi,"previews/T=5/binary/T=5_binary_30,0,30.png",
"binary/T=5_binary_30,0,30_1.jpg","cropped_cuvettes/T=5/binary/T=5_binary_30,0,30_1.png",T=5,binary,binary_TC30_OTC0_CTC30,R2,30,0,30,167.5352783203125,159.58956909179688,163.01344299316406,13.784234046936035,13.09812068939209,13.134774208068848,159.0977783203125,12.0979642868042,167.539306640625,34.17488098144531,2.7959914207458496,13.781355857849121,169.51382446289062,131.5917510986328,127.48078918457031,12.63094425201416,0.9091167449951172,0.9352371692657471,17262,15618,ok,,default_roi,"previews/T=5/binary/T=5_binary_30,0,30_1.png",
"binary/T=5_binary_30,0,30_2.jpg","cropped_cuvettes/T=5/binary/T=5_binary_30,0,30_2.png",T=5,binary,binary_TC30_OTC0_CTC30,R3,30,0,30,179.29904174804688,170.3186798095703,173.86068725585938,15.83243465423584,15.427424430847168,15.481947898864746,164.3418731689453,12.839666366577148,179.3003692626953,24.6302490234375,2.1931936740875244,15.831459999084473,179.95094299316406,131.97982788085938,127.55494689941406,14.626834869384766,0.7781388759613037,0.8621755838394165,18216,16553,ok,,default_roi,"previews/T=5/binary/T=5_binary_30,0,30_2.png",
"binary/T=5_binary_30,30,0.jpg","cropped_cuvettes/T=5/binary/T=5_binary_30,30,0.png",T=5,binary,binary_TC30_OTC30_CTC0,R1,30,30,0,145.31564331054688,158.4489288330078,173.60440063476562,10.720425605773926,11.015928268432617,10.850749969482422,106.18013763427734,41.72468566894531,173.60440063476562,1.2857146263122559,2.86167049407959,10.850749969482422,165.05941772460938,126.72652435302734,118.49349975585938,10.588737487792969,0.48861169815063477,0.8023151159286499,17415,15771,ok,,default_roi,"previews/T=5/binary/T=5_binary_30,30,0.png",
"binary/T=5_binary_30,30,0_1.jpg","cropped_cuvettes/T=5/binary/T=5_binary_30,30,0_1.png",T=5,binary,binary_TC30_OTC30_CTC0,R2,30,30,0,146.84169006347656,159.74134826660156,173.92807006835938,10.877866744995117,11.208921432495117,11.027029037475586,105.59600067138672,39.84442138671875,173.92807006835938,1.9871916770935059,3.1990280151367188,11.027029037475586,166.2963104248047,126.5136489868164,119.03530883789062,10.702441215515137,0.9308170676231384,1.0289909839630127,16896,15349,ok,,default_roi,"previews/T=5/binary/T=5_binary_30,30,0_1.png",
"binary/T=5_binary_30,30,0_2.jpg","cropped_cuvettes/T=5/binary/T=5_binary_30,30,0_2.png",T=5,binary,binary_TC30_OTC30_CTC0,R3,30,30,0,147.39218139648438,160.61639404296875,174.62184143066406,10.84839153289795,11.336860656738281,11.417656898498535,105.29537963867188,39.875308990478516,174.62184143066406,1.8258134126663208,2.7580554485321045,11.417656898498535,167.0526123046875,126.39535522460938,119.1436996459961,10.794281959533691,0.8756876587867737,1.0099475383758545,17010,15414,ok,,default_roi,"previews/T=5/binary/T=5_binary_30,30,0_2.png",
"binary/T=5_binary_42,0,18.jpg","cropped_cuvettes/T=5/binary/T=5_binary_42,0,18.png",T=5,binary,binary_TC42_OTC0_CTC18,R1,42,0,18,174.71499633789062,166.28488159179688,170.59104919433594,15.942925453186035,15.488719940185547,15.255463600158691,164.1272430419922,12.36815071105957,174.71499633789062,5.462812423706055,1.9058982133865356,15.942925453186035,176.07789611816406,131.8380889892578,127.17447662353516,14.756361961364746,0.47989657521247864,0.679354727268219,17810,16151,ok,,default_roi,"previews/T=5/binary/T=5_binary_42,0,18.png",
"binary/T=5_binary_42,0,18_1.jpg","cropped_cuvettes/T=5/binary/T=5_binary_42,0,18_1.png",T=5,binary,binary_TC42_OTC0_CTC18,R2,42,0,18,176.18080139160156,166.47784423828125,171.38638305664062,15.514716148376465,15.341032028198242,15.035717010498047,163.34005737304688,14.151267051696777,176.18154907226562,15.509506225585938,2.5611648559570312,15.514124870300293,176.53919982910156,132.38919067382812,126.78880310058594,14.563175201416016,0.8353970050811768,0.9805573225021362,17680,16018,ok,,default_roi,"previews/T=5/binary/T=5_binary_42,0,18_1.png",
"binary/T=5_binary_42,0,18_2.jpg","cropped_cuvettes/T=5/binary/T=5_binary_42,0,18_2.png",T=5,binary,binary_TC42_OTC0_CTC18,R3,42,0,18,175.92300415039062,165.78155517578125,170.75816345214844,15.936484336853027,15.746881484985352,15.499042510986328,164.29537963867188,14.796393394470215,175.92355346679688,13.108464241027832,2.3612115383148193,15.935918807983398,175.95962524414062,132.5782012939453,126.71575927734375,14.972147941589355,0.7358767986297607,0.9622110724449158,17816,16247,ok,,default_roi,"previews/T=5/binary/T=5_binary_42,0,18_2.png",
"binary/T=5_binary_42,18,0.jpg","cropped_cuvettes/T=5/binary/T=5_binary_42,18,0.png",T=5,binary,binary_TC42_OTC18_CTC0,R1,42,18,0,171.20204162597656,174.8544921875,184.04367065429688,14.981656074523926,14.800268173217773,14.96537971496582,111.75422668457031,17.89162826538086,184.04367065429688,1.5278542041778564,1.9459172487258911,14.96537971496582,182.0625457763672,128.48114013671875,122.91197204589844,14.076517105102539,0.5940619111061096,0.35354524850845337,17280,15779,ok,,default_roi,"previews/T=5/binary/T=5_binary_42,18,0.png",
"binary/T=5_binary_42,18,0_1.jpg","cropped_cuvettes/T=5/binary/T=5_binary_42,18,0_1.png",T=5,binary,binary_TC42_OTC18_CTC0,R2,42,18,0,171.51600646972656,175.6646728515625,184.66249084472656,14.751165390014648,14.728124618530273,14.774028778076172,110.6994400024414,18.255083084106445,184.66249084472656,2.129793405532837,2.045116424560547,14.774028778076172,182.73851013183594,128.13052368164062,122.94425964355469,13.947091102600098,0.62631756067276,0.47424787282943726,17145,15591,ok,,default_roi,"previews/T=5/binary/T=5_binary_42,18,0_1.png",
"binary/T=5_binary_42,18,0_2.jpg","cropped_cuvettes/T=5/binary/T=5_binary_42,18,0_2.png",T=5,binary,binary_TC42_OTC18_CTC0,R3,42,18,0,174.52438354492188,178.6758270263672,187.53341674804688,14.81680679321289,14.718689918518066,14.808331489562988,110.70355987548828,17.81694984436035,187.53341674804688,2.5918965339660645,2.074692726135254,14.808331489562988,185.54489135742188,128.106689453125,123.00548553466797,13.890045166015625,0.6912807822227478,0.3866825997829437,16875,15504,ok,,default_roi,"previews/T=5/binary/T=5_binary_42,18,0_2.png",
"binary/T=5_binary_48,0,12.jpg","cropped_cuvettes/T=5/binary/T=5_binary_48,0,12.png",T=5,binary,binary_TC48_OTC0_CTC12,R1,48,0,12,156.37103271484375,146.08279418945312,149.79991149902344,13.787317276000977,13.31080436706543,13.405962944030762,169.0811767578125,16.834228515625,156.37103271484375,2.0679640769958496,1.9215143918991089,13.787317276000977,156.9036102294922,132.63438415527344,127.29280090332031,13.084826469421387,0.5762297511100769,0.5445646643638611,17680,16028,ok,,default_roi,"previews/T=5/binary/T=5_binary_48,0,12.png",
"binary/T=5_binary_48,0,12_1.jpg","cropped_cuvettes/T=5/binary/T=5_binary_48,0,12_1.png",T=5,binary,binary_TC48_OTC0_CTC12,R2,48,0,12,155.5020294189453,145.1680145263672,148.66134643554688,13.740158081054688,13.436747550964355,13.501290321350098,167.2644500732422,17.058691024780273,155.5020294189453,20.553438186645508,2.3122425079345703,13.740158081054688,156.05563354492188,132.58172607421875,127.44728088378906,13.176239013671875,0.684501588344574,0.8372451066970825,17680,15999,ok,,default_roi,"previews/T=5/binary/T=5_binary_48,0,12_1.png",
"binary/T=5_binary_48,0,12_2.jpg","cropped_cuvettes/T=5/binary/T=5_binary_48,0,12_2.png",T=5,binary,binary_TC48_OTC0_CTC12,R3,48,0,12,155.5951385498047,145.30624389648438,149.0354461669922,13.54655933380127,13.211530685424805,13.237500190734863,167.60108947753906,16.953290939331055,155.5951385498047,16.089580535888672,2.391998529434204,13.54655933380127,156.20074462890625,132.59632873535156,127.32508850097656,12.932783126831055,0.6778526306152344,0.7963655591011047,17680,15971,ok,,default_roi,"previews/T=5/binary/T=5_binary_48,0,12_2.png",
"binary/T=5_binary_48,12,0.jpg","cropped_cuvettes/T=5/binary/T=5_binary_48,12,0.png",T=5,binary,binary_TC48_OTC12_CTC0,R1,48,12,0,158.1049346923828,156.88958740234375,163.1161346435547,13.273232460021973,13.232053756713867,13.38461971282959,125.82513427734375,9.795792579650879,163.1161346435547,2.7417311668395996,1.4502978324890137,13.38461971282959,165.64657592773438,129.66619873046875,124.91659545898438,12.830486297607422,0.5062792897224426,0.4055638611316681,17947,16258,ok,,default_roi,"previews/T=5/binary/T=5_binary_48,12,0.png",
"binary/T=5_binary_48,12,0_1.jpg","cropped_cuvettes/T=5/binary/T=5_binary_48,12,0_1.png",T=5,binary,binary_TC48_OTC12_CTC0,R2,48,12,0,159.9539337158203,158.5730438232422,165.0827178955078,13.460314750671387,13.411150932312012,13.5093994140625,126.07862091064453,10.228484153747559,165.0827178955078,5.056230068206787,2.032240152359009,13.5093994140625,167.38002014160156,129.7734375,124.84368896484375,12.947606086730957,0.6847114562988281,0.5889882445335388,17810,16128,ok,,default_roi,"previews/T=5/binary/T=5_binary_48,12,0_1.png",
"binary/T=5_binary_48,12,0_2.jpg","cropped_cuvettes/T=5/binary/T=5_binary_48,12,0_2.png",T=5,binary,binary_TC48_OTC12_CTC0,R3,48,12,0,159.61524963378906,157.14517211914062,163.71359252929688,13.417335510253906,13.380315780639648,13.38868522644043,130.9967498779297,10.325404167175293,163.71534729003906,5.828469753265381,2.2049834728240967,13.388235092163086,166.24972534179688,130.05722045898438,125.08087921142578,12.852285385131836,0.6975219249725342,0.6290506720542908,17680,15974,ok,,default_roi,"previews/T=5/binary/T=5_binary_48,12,0_2.png",
"binary/T=5_binary_54,0,6.jpg","cropped_cuvettes/T=5/binary/T=5_binary_54,0,6.png",T=5,binary,binary_TC54_OTC0_CTC6,R1,54,0,6,168.6663055419922,158.56301879882812,163.1825714111328,15.809924125671387,15.499235153198242,15.442098617553711,166.28756713867188,15.368269920349121,168.67149353027344,3.589973211288452,1.8651686906814575,15.816244125366211,169.02325439453125,132.56834411621094,126.88289642333984,14.869317054748535,0.5548707246780396,0.7901122570037842,18084,16344,ok,,default_roi,"previews/T=5/binary/T=5_binary_54,0,6.png",
"binary/T=5_binary_54,0,6_1.jpg","cropped_cuvettes/T=5/binary/T=5_binary_54,0,6_1.png",T=5,binary,binary_TC54_OTC0_CTC6,R2,54,0,6,168.51353454589844,157.97784423828125,162.41477966308594,15.93059253692627,15.601699829101562,15.429515838623047,166.86575317382812,16.056106567382812,168.531494140625,9.553487777709961,2.0476233959198,15.94841194152832,168.54750061035156,132.75579833984375,126.92015838623047,14.983258247375488,0.6170454025268555,0.8960695862770081,18084,16433,ok,,default_roi,"previews/T=5/binary/T=5_binary_54,0,6_1.png",
"binary/T=5_binary_54,0,6_2.jpg","cropped_cuvettes/T=5/binary/T=5_binary_54,0,6_2.png",T=5,binary,binary_TC54_OTC0_CTC6,R3,54,0,6,166.60362243652344,156.2777099609375,160.4291229248047,15.79955005645752,15.406599998474121,15.428719520568848,166.68409729003906,15.909324645996094,166.6165771484375,14.741328239440918,2.2487454414367676,15.813446998596191,166.86605834960938,132.64523315429688,127.09648132324219,14.853611946105957,0.7060904502868652,0.9132797718048096,18084,16366,ok,,default_roi,"previews/T=5/binary/T=5_binary_54,0,6_2.png",
"binary/T=5_binary_54,6,0.jpg","cropped_cuvettes/T=5/binary/T=5_binary_54,6,0.png",T=5,binary,binary_TC54_OTC6_CTC0,R1,54,6,0,148.46942138671875,142.60585021972656,148.84828186035156,13.406302452087402,12.578932762145996,13.148176193237305,148.0238494873047,10.962698936462402,148.99188232421875,4.737058639526367,1.3163964748382568,13.10154914855957,152.72561645507812,131.41934204101562,125.29096984863281,12.562536239624023,0.6420825719833374,0.5980811715126038,17810,16273,ok,,default_roi,"previews/T=5/binary/T=5_binary_54,6,0.png",
"binary/T=5_binary_54,6,0_1.jpg","cropped_cuvettes/T=5/binary/T=5_binary_54,6,0_1.png",T=5,binary,binary_TC54_OTC6_CTC0,R2,54,6,0,147.7973175048828,142.7728729248047,148.08230590820312,13.419073104858398,12.403214454650879,12.865265846252441,146.85679626464844,9.99856948852539,148.6108856201172,15.921951293945312,2.722897529602051,13.070798873901367,152.6754608154297,130.89779663085938,125.91234588623047,12.41406536102295,1.0474133491516113,1.0124560594558716,17816,16075,ok,,default_roi,"previews/T=5/binary/T=5_binary_54,6,0_1.png",
"binary/T=5_binary_54,6,0_2.jpg","cropped_cuvettes/T=5/binary/T=5_binary_54,6,0_2.png",T=5,binary,binary_TC54_OTC6_CTC0,R3,54,6,0,148.9364471435547,143.3258514404297,148.4888458251953,13.375199317932129,12.67043399810791,13.118964195251465,151.51846313476562,10.286890983581543,149.35130310058594,12.710291862487793,2.405630350112915,13.218419075012207,153.3208770751953,131.1269073486328,126.0669937133789,12.5939302444458,0.9026578664779663,1.0576667785644531,17947,16271,ok,,default_roi,"previews/T=5/binary/T=5_binary_54,6,0_2.png",
"binary/T=5_binary_6,0,54.jpg","cropped_cuvettes/T=5/binary/T=5_binary_6,0,54.png",T=5,binary,binary_TC6_OTC0_CTC54,R1,6,0,54,93.46952056884766,90.38067626953125,91.49320220947266,13.50300407409668,13.016822814941406,13.050647735595703,161.8876190185547,8.853209495544434,93.585693359375,32.28675842285156,4.550306797027588,13.439146041870117,98.59150695800781,129.5624237060547,127.93000030517578,13.91453742980957,0.6741618514060974,0.8401899933815002,15750,14272,ok,,default_roi,"previews/T=5/binary/T=5_binary_6,0,54.png",
"binary/T=5_binary_6,0,54_1.jpg","cropped_cuvettes/T=5/binary/T=5_binary_6,0,54_1.png",T=5,binary,binary_TC6_OTC0_CTC54,R2,6,0,54,92.30977630615234,89.4177474975586,90.38934326171875,13.650318145751953,13.059906005859375,12.980228424072266,138.77175903320312,8.9588041305542,92.48685455322266,60.730308532714844,5.898746013641357,13.545038223266602,97.50395965576172,129.4239044189453,127.94453430175781,13.984590530395508,0.8774641752243042,1.15110182762146,15624,14152,ok,,default_roi,"previews/T=5/binary/T=5_binary_6,0,54_1.png",
"binary/T=5_binary_6,0,54_2.jpg","cropped_cuvettes/T=5/binary/T=5_binary_6,0,54_2.png",T=5,binary,binary_TC6_OTC0_CTC54,R3,6,0,54,92.74205017089844,89.87018585205078,90.84561920166016,13.547063827514648,13.059417724609375,13.055434226989746,134.40585327148438,9.193568229675293,92.982177734375,63.37847137451172,6.16495943069458,13.475186347961426,97.98719024658203,129.4131622314453,127.93693542480469,13.956085205078125,0.899825930595398,1.3126460313796997,15750,14367,ok,,default_roi,"previews/T=5/binary/T=5_binary_6,0,54_2.png",
"binary/T=5_binary_6,54,0.jpg","cropped_cuvettes/T=5/binary/T=5_binary_6,54,0.png",T=5,binary,binary_TC6_OTC54_CTC0,R1,6,54,0,157.3416748046875,201.51226806640625,228.4296875,10.176435470581055,10.864563941955566,11.92956829071045,101.3055419921875,79.45034790039062,228.4296875,0.487405389547348,2.568012237548828,11.92956829071045,201.42889404296875,119.7374496459961,109.976318359375,9.961538314819336,0.581947386264801,0.7425771951675415,17673,16214,ok,,default_roi,"previews/T=5/binary/T=5_binary_6,54,0.png",
"binary/T=5_binary_6,54,0_1.jpg","cropped_cuvettes/T=5/binary/T=5_binary_6,54,0_1.png",T=5,binary,binary_TC6_OTC54_CTC0,R2,6,54,0,157.8092803955078,201.37725830078125,227.90676879882812,10.012053489685059,10.70156192779541,11.84982967376709,101.27447509765625,78.52639770507812,227.90676879882812,0.6551550030708313,2.533660888671875,11.84982967376709,201.37045288085938,119.82231140136719,110.23527526855469,9.831450462341309,0.7309537529945374,0.8957512378692627,17673,16045,ok,,default_roi,"previews/T=5/binary/T=5_binary_6,54,0_1.png",
"binary/T=5_binary_6,54,0_2.jpg","cropped_cuvettes/T=5/binary/T=5_binary_6,54,0_2.png",T=5,binary,binary_TC6_OTC54_CTC0,R3,6,54,0,157.25180053710938,200.91355895996094,227.87635803222656,9.90422248840332,10.6935453414917,11.632715225219727,101.38094329833984,79.12486267089844,227.87635803222656,0.7069026231765747,2.6427178382873535,11.632715225219727,200.97152709960938,119.91692352294922,110.00714874267578,9.777260780334473,0.7804278135299683,0.8919520974159241,18084,16370,ok,,default_roi,"previews/T=5/binary/T=5_binary_6,54,0_2.png",
blank/T=5_blank.jpg,cropped_cuvettes/T=5/blank/T=5_blank.png,T=5,blank,blank_TC0_OTC0_CTC0,R1,0,0,0,14.458133697509766,131.35223388671875,201.2996368408203,0.9288806915283203,0.9769119024276733,1.0299110412597656,101.00132751464844,236.54136657714844,201.2996368408203,0.0363924503326416,0.9416269063949585,1.0299110412597656,134.34996032714844,124.49059295654297,83.98863220214844,0.9757795333862305,0.5049649477005005,0.1280973255634308,17028,15836,ok,,default_roi,previews/T=5/blank/T=5_blank.png,
blank/T=5_blank_1.jpg,cropped_cuvettes/T=5/blank/T=5_blank_1.png,T=5,blank,blank_TC0_OTC0_CTC0,R2,0,0,0,14.18862533569336,135.00900268554688,205.80438232421875,1.0501493215560913,1.080324411392212,1.4211256504058838,101.0140609741211,237.63125610351562,205.80438232421875,0.12294458597898483,1.327994465827942,1.4211256504058838,137.5967559814453,123.95518493652344,83.15868377685547,0.8507378101348877,0.5883457064628601,0.6005538105964661,16768,16000,ok,,default_roi,previews/T=5/blank/T=5_blank_1.png,
blank/T=5_blank_2.jpg,cropped_cuvettes/T=5/blank/T=5_blank_2.png,T=5,blank,blank_TC0_OTC0_CTC0,R3,0,0,0,14.345364570617676,135.0061492919922,205.76014709472656,1.1106932163238525,1.1796410083770752,1.4804725646972656,101.01820373535156,237.41322326660156,205.76014709472656,0.14625605940818787,1.4318041801452637,1.4804725646972656,137.5624237060547,123.9655990600586,83.20551300048828,0.9213071465492249,0.5877026319503784,0.6140878796577454,17160,15931,ok,,default_roi,previews/T=5/blank/T=5_blank_2.png,
"single/T=5_single_0,0,60.jpg","cropped_cuvettes/T=5/single/T=5_single_0,0,60.png",T=5,single,single_TC0_OTC0_CTC60,R1,0,0,60,160.6614227294922,154.85653686523438,157.32708740234375,11.732391357421875,11.175854682922363,10.893681526184082,164.78240966796875,9.244455337524414,160.66555786132812,19.47978401184082,1.315265417098999,11.727354049682617,164.48526000976562,130.78884887695312,127.71416473388672,10.822352409362793,0.5077930688858032,0.5607916712760925,18084,16457,ok,,default_roi,"previews/T=5/single/T=5_single_0,0,60.png",
"single/T=5_single_0,0,60_1.jpg","cropped_cuvettes/T=5/single/T=5_single_0,0,60_1.png",T=5,single,single_TC0_OTC0_CTC60,R2,0,0,60,161.39768981933594,155.8478546142578,158.35946655273438,11.653792381286621,11.291763305664062,10.834549903869629,155.779541015625,8.911203384399414,161.4346923828125,38.970062255859375,2.2758982181549072,11.61689281463623,165.38766479492188,130.67013549804688,127.62010955810547,10.900952339172363,0.7783643007278442,0.7948778867721558,18084,16352,ok,,default_roi,"previews/T=5/single/T=5_single_0,0,60_1.png",
"single/T=5_single_0,0,60_2.jpg","cropped_cuvettes/T=5/single/T=5_single_0,0,60_2.png",T=5,single,single_TC0_OTC0_CTC60,R3,0,0,60,161.5883026123047,156.25843811035156,159.15724182128906,11.807785987854004,11.535562515258789,11.11948013305664,153.345703125,8.564959526062012,161.63926696777344,37.831329345703125,2.150855779647827,11.777213096618652,165.78109741210938,130.6379852294922,127.39665985107422,11.126514434814453,0.7975450754165649,0.8547834753990173,17952,16364,ok,,default_roi,"previews/T=5/single/T=5_single_0,0,60_2.png",
"single/T=5_single_0,60,0.jpg","cropped_cuvettes/T=5/single/T=5_single_0,60,0.png",T=5,single,single_TC0_OTC60_CTC0,R1,0,60,0,145.3375701904297,195.3444061279297,223.67506408691406,9.228469848632812,9.913997650146484,10.815564155578613,100.94514465332031,89.42402648925781,223.67506408691406,0.28964415192604065,2.9053733348846436,10.815564155578613,195.02174377441406,118.30752563476562,108.49541473388672,9.154364585876465,0.5429101586341858,0.6809861660003662,17550,15914,ok,,default_roi,"previews/T=5/single/T=5_single_0,60,0.png",
"single/T=5_single_0,60,0_1.jpg","cropped_cuvettes/T=5/single/T=5_single_0,60,0_1.png",T=5,single,single_TC0_OTC60_CTC0,R2,0,60,0,145.19168090820312,195.2100372314453,223.12384033203125,8.942091941833496,10.22027587890625,10.507660865783691,100.73744201660156,89.1680908203125,223.12384033203125,0.7077372074127197,3.215099811553955,10.507660865783691,194.8595428466797,118.3206787109375,108.78467559814453,9.2740478515625,0.9067068696022034,0.9236211180686951,17822,16069,ok,,default_roi,"previews/T=5/single/T=5_single_0,60,0_1.png",
"single/T=5_single_0,60,0_2.jpg","cropped_cuvettes/T=5/single/T=5_single_0,60,0_2.png",T=5,single,single_TC0_OTC60_CTC0,R3,0,60,0,145.4249725341797,194.30946350097656,221.83758544921875,9.125356674194336,9.995036125183105,10.42147159576416,100.8734359741211,87.95285034179688,221.83758544921875,0.6294833421707153,3.192168951034546,10.42147159576416,194.14175415039062,118.54078674316406,109.03495788574219,9.14146614074707,0.7996712327003479,0.8241676092147827,18358,16648,ok,,default_roi,"previews/T=5/single/T=5_single_0,60,0_2.png",
"single/T=5_single_60,0,0.jpg","cropped_cuvettes/T=5/single/T=5_single_60,0,0.png",T=5,single,single_TC60_OTC0_CTC0,R1,60,0,0,149.12469482421875,138.117431640625,141.576904296875,13.495607376098633,13.166465759277344,13.011926651000977,169.68356323242188,18.91655731201172,149.12469482421875,12.16130256652832,1.7538620233535767,13.495607376098633,149.2462615966797,132.8216552734375,127.4996566772461,13.07154369354248,0.42978036403656006,0.8715310096740723,17550,15975,ok,,default_roi,"previews/T=5/single/T=5_single_60,0,0.png",
"single/T=5_single_60,0,0_1.jpg","cropped_cuvettes/T=5/single/T=5_single_60,0,0_1.png",T=5,single,single_TC60_OTC0_CTC0,R2,60,0,0,149.93838500976562,138.6940155029297,141.84466552734375,13.511322021484375,12.997908592224121,12.70710563659668,162.1620330810547,19.216064453125,149.93838500976562,38.0513801574707,2.376239776611328,13.511322021484375,149.865966796875,132.8109130859375,127.81230926513672,12.873100280761719,0.6956433057785034,1.0546960830688477,17550,15824,ok,,default_roi,"previews/T=5/single/T=5_single_60,0,0_1.png",
"single/T=5_single_60,0,0_2.jpg","cropped_cuvettes/T=5/single/T=5_single_60,0,0_2.png",T=5,single,single_TC60_OTC0_CTC0,R3,60,0,0,149.52288818359375,138.36929321289062,141.7621612548828,13.855228424072266,13.088257789611816,13.093827247619629,163.69754028320312,19.099584579467773,149.52288818359375,33.40654373168945,2.5545976161956787,13.855228424072266,149.59613037109375,132.79623413085938,127.65396881103516,13.036725044250488,0.8011424541473389,1.0498648881912231,17544,15906,ok,,default_roi,"previews/T=5/single/T=5_single_60,0,0_2.png",
"ternary/T=5_ternary_18,36,6.jpg","cropped_cuvettes/T=5/ternary/T=5_ternary_18,36,6.png",T=5,ternary,ternary_TC18_OTC36_CTC6,R1,18,36,6,166.57325744628906,186.6704864501953,204.7649688720703,12.179072380065918,12.924351692199707,13.670818328857422,104.03673553466797,47.662261962890625,204.7649688720703,0.8918704986572266,1.933021903038025,13.670818328857422,190.8168182373047,124.94157409667969,116.5353012084961,12.012933731079102,0.5753073692321777,0.580401599407196,18084,16415,ok,,default_roi,"previews/T=5/ternary/T=5_ternary_18,36,6.png",
"ternary/T=5_ternary_18,36,6_1.jpg","cropped_cuvettes/T=5/ternary/T=5_ternary_18,36,6_1.png",T=5,ternary,ternary_TC18_OTC36_CTC6,R2,18,36,6,170.9729766845703,189.92205810546875,207.7220001220703,12.408332824707031,12.976859092712402,13.490877151489258,104.3972396850586,45.21458435058594,207.7220001220703,1.2638022899627686,2.448383092880249,13.490877151489258,194.0309295654297,125.22538757324219,116.802001953125,11.982470512390137,0.7914173603057861,0.8038584589958191,17810,16101,ok,,default_roi,"previews/T=5/ternary/T=5_ternary_18,36,6_1.png",
"ternary/T=5_ternary_18,36,6_2.jpg","cropped_cuvettes/T=5/ternary/T=5_ternary_18,36,6_2.png",T=5,ternary,ternary_TC18_OTC36_CTC6,R3,18,36,6,169.2551727294922,188.93304443359375,205.9481964111328,12.697646141052246,13.307209968566895,13.937585830688477,103.76826477050781,45.52936553955078,205.9481964111328,1.2836281061172485,2.5868139266967773,13.937585830688477,192.9237518310547,124.83110809326172,117.08641052246094,12.330914497375488,0.8661653399467468,0.9070765972137451,17680,16040,ok,,default_roi,"previews/T=5/ternary/T=5_ternary_18,36,6_2.png",
"ternary/T=5_ternary_18,6,36.jpg","cropped_cuvettes/T=5/ternary/T=5_ternary_18,6,36.png",T=5,ternary,ternary_TC18_OTC6_CTC36,R1,18,6,36,162.54185485839844,159.22134399414062,162.79542541503906,12.59301471710205,12.021533012390137,12.381967544555664,146.40289306640625,6.195189476013184,163.20703125,9.232502937316895,1.5874707698822021,12.49775218963623,168.22183227539062,129.8241729736328,126.92092895507812,11.715063095092773,0.9338544607162476,0.3279672861099243,18354,16630,ok,,default_roi,"previews/T=5/ternary/T=5_ternary_18,6,36.png",
"ternary/T=5_ternary_18,6,36_1.jpg","cropped_cuvettes/T=5/ternary/T=5_ternary_18,6,36_1.png",T=5,ternary,ternary_TC18_OTC6_CTC36,R2,18,6,36,162.36697387695312,158.9275360107422,162.5927734375,13.082807540893555,12.309101104736328,12.930745124816895,144.46868896484375,6.500401973724365,163.12371826171875,20.953277587890625,2.2246015071868896,13.026845932006836,167.9438018798828,129.91738891601562,126.82081604003906,12.041448593139648,1.0708414316177368,0.6988179683685303,17947,16173,ok,,default_roi,"previews/T=5/ternary/T=5_ternary_18,6,36_1.png",
"ternary/T=5_ternary_18,6,36_2.jpg","cropped_cuvettes/T=5/ternary/T=5_ternary_18,6,36_2.png",T=5,ternary,ternary_TC18_OTC6_CTC36,R3,18,6,36,161.7938232421875,159.14434814453125,162.4840545654297,12.95340633392334,12.454475402832031,12.76996898651123,141.7772674560547,5.615201950073242,162.75128173828125,16.28651237487793,1.7668519020080566,12.924365997314453,167.9393310546875,129.45545959472656,126.90457916259766,12.125304222106934,0.865321159362793,0.5173571109771729,18078,16432,ok,,default_roi,"previews/T=5/ternary/T=5_ternary_18,6,36_2.png",
"ternary/T=5_ternary_20,20,20.jpg","cropped_cuvettes/T=5/ternary/T=5_ternary_20,20,20.png",T=5,ternary,ternary_TC20_OTC20_CTC20,R1,20,20,20,154.86134338378906,154.99111938476562,154.48501586914062,15.409174919128418,15.445413589477539,15.059691429138184,13.843770027160645,0.9564440250396729,155.032470703125,27.57393455505371,1.5263208150863647,15.493541717529297,163.125244140625,127.91020965576172,128.21885681152344,14.77430534362793,0.3258156478404999,0.4398317337036133,18354,16783,ok,,default_roi,"previews/T=5/ternary/T=5_ternary_20,20,20.png",
"ternary/T=5_ternary_20,20,20_1.jpg","cropped_cuvettes/T=5/ternary/T=5_ternary_20,20,20_1.png",T=5,ternary,ternary_TC20_OTC20_CTC20,R2,20,20,20,154.9952850341797,154.7658233642578,153.8245391845703,15.966643333435059,15.816472053527832,15.259469032287598,30.955076217651367,2.427293062210083,155.20654296875,45.8291015625,2.399296998977661,16.021774291992188,162.94703674316406,127.97224426269531,128.48558044433594,15.14963150024414,0.5697592496871948,0.6973918080329895,18216,16539,ok,,default_roi,"previews/T=5/ternary/T=5_ternary_20,20,20_1.png",
"ternary/T=5_ternary_20,20,20_2.jpg","cropped_cuvettes/T=5/ternary/T=5_ternary_20,20,20_2.png",T=5,ternary,ternary_TC20_OTC20_CTC20,R3,20,20,20,152.18515014648438,152.8520050048828,151.93296813964844,14.722262382507324,15.107845306396484,14.465738296508789,39.64239501953125,2.505850076675415,153.1041259765625,45.300086975097656,2.47676157951355,15.12344741821289,160.92332458496094,127.61943054199219,128.3144073486328,14.426949501037598,0.8082178235054016,0.6749154925346375,17664,16068,ok,,default_roi,"previews/T=5/ternary/T=5_ternary_20,20,20_2.png",
"ternary/T=5_ternary_36,18,6.jpg","cropped_cuvettes/T=5/ternary/T=5_ternary_36,18,6.png",T=5,ternary,ternary_TC36_OTC18_CTC6,R1,36,18,6,144.9991912841797,148.8112335205078,158.3461456298828,11.099869728088379,11.194796562194824,11.368160247802734,111.64434051513672,21.577051162719727,158.3461456298828,1.3908743858337402,1.9630465507507324,11.368160247802734,157.1256866455078,128.49481201171875,122.72176361083984,10.783578872680664,0.5862007141113281,0.49813833832740784,17947,16184,ok,,default_roi,"previews/T=5/ternary/T=5_ternary_36,18,6.png",
"ternary/T=5_ternary_36,18,6_1.jpg","cropped_cuvettes/T=5/ternary/T=5_ternary_36,18,6_1.png",T=5,ternary,ternary_TC36_OTC18_CTC6,R2,36,18,6,147.0883331298828,151.17147827148438,159.69818115234375,11.21962833404541,11.41230583190918,11.401947021484375,110.40985107421875,20.210678100585938,159.69818115234375,3.36808443069458,2.4272937774658203,11.401947021484375,159.285888671875,128.14077758789062,123.1200942993164,10.964378356933594,0.839333713054657,0.6687382459640503,17680,15996,ok,,default_roi,"previews/T=5/ternary/T=5_ternary_36,18,6_1.png",
"ternary/T=5_ternary_36,18,6_2.jpg","cropped_cuvettes/T=5/ternary/T=5_ternary_36,18,6_2.png",T=5,ternary,ternary_TC36_OTC18_CTC6,R3,36,18,6,146.62542724609375,150.7716522216797,159.68836975097656,11.075189590454102,11.373332977294922,11.503530502319336,110.66362762451172,20.927690505981445,159.6884307861328,3.564403772354126,2.6394429206848145,11.503559112548828,158.9158477783203,128.24229431152344,122.91349029541016,10.912724494934082,0.9221416115760803,0.7862426042556763,17816,16125,ok,,default_roi,"previews/T=5/ternary/T=5_ternary_36,18,6_2.png",
"ternary/T=5_ternary_36,6,18.jpg","cropped_cuvettes/T=5/ternary/T=5_ternary_36,6,18.png",T=5,ternary,ternary_TC36_OTC6_CTC18,R1,36,6,18,150.3559112548828,146.7270050048828,151.48280334472656,11.90664291381836,11.530179977416992,12.004718780517578,142.7889862060547,8.286054611206055,151.65721130371094,7.9605793952941895,1.844478964805603,11.975947380065918,156.20217895507812,130.28147888183594,126.18319702148438,11.435460090637207,0.8210198283195496,0.7266224026679993,18078,16392,ok,,default_roi,"previews/T=5/ternary/T=5_ternary_36,6,18.png",
"ternary/T=5_ternary_36,6,18_1.jpg","cropped_cuvettes/T=5/ternary/T=5_ternary_36,6,18_1.png",T=5,ternary,ternary_TC36_OTC6_CTC18,R2,36,6,18,151.0795135498047,146.8829803466797,151.8300018310547,12.011358261108398,11.582626342773438,11.960865020751953,144.80015563964844,8.854305267333984,152.16217041015625,14.438905715942383,2.371690511703491,11.94082260131836,156.50308227539062,130.5299835205078,126.09203338623047,11.430243492126465,0.9228590130805969,0.9325945973396301,17947,16212,ok,,default_roi,"previews/T=5/ternary/T=5_ternary_36,6,18_1.png",
"ternary/T=5_ternary_36,6,18_2.jpg","cropped_cuvettes/T=5/ternary/T=5_ternary_36,6,18_2.png",T=5,ternary,ternary_TC36_OTC6_CTC18,R3,36,6,18,151.65562438964844,147.01507568359375,152.06199645996094,12.091387748718262,11.541274070739746,12.11085319519043,146.19435119628906,9.162891387939453,152.49716186523438,16.210098266601562,2.4074528217315674,12.048385620117188,156.75172424316406,130.71189880371094,126.06242370605469,11.419967651367188,0.9432902336120605,0.9482753872871399,17940,16244,ok,,default_roi,"previews/T=5/ternary/T=5_ternary_36,6,18_2.png",
"ternary/T=5_ternary_48,6,6.jpg","cropped_cuvettes/T=5/ternary/T=5_ternary_48,6,6.png",T=5,ternary,ternary_TC48_OTC6_CTC6,R1,48,6,6,145.9388885498047,141.60678100585938,147.65455627441406,13.223795890808105,12.625216484069824,13.127049446105957,141.3654022216797,10.516888618469238,147.69400024414062,5.934507369995117,1.6467041969299316,13.103801727294922,151.4686279296875,130.75613403320312,125.4322280883789,12.570500373840332,0.5834147334098816,0.6387795805931091,18084,16431,ok,,default_roi,"previews/T=5/ternary/T=5_ternary_48,6,6.png",
"ternary/T=5_ternary_48,6,6_1.jpg","cropped_cuvettes/T=5/ternary/T=5_ternary_48,6,6_1.png",T=5,ternary,ternary_TC48_OTC6_CTC6,R2,48,6,6,144.84222412109375,142.4089813232422,147.65960693359375,12.709354400634766,12.432629585266113,12.975839614868164,133.97396850585938,9.10372543334961,147.68402099609375,8.219983100891113,2.2244515419006348,12.955605506896973,151.76422119140625,129.98165893554688,125.82512664794922,12.293359756469727,0.6603802442550659,0.7369616031646729,17685,16023,ok,,default_roi,"previews/T=5/ternary/T=5_ternary_48,6,6_1.png",
"ternary/T=5_ternary_48,6,6_2.jpg","cropped_cuvettes/T=5/ternary/T=5_ternary_48,6,6_2.png",T=5,ternary,ternary_TC48_OTC6_CTC6,R3,48,6,6,145.66448974609375,142.15338134765625,147.5877685546875,13.01240062713623,12.577790260314941,12.855026245117188,138.33889770507812,9.51578140258789,147.64308166503906,11.946369171142578,2.4795546531677246,12.846660614013672,151.78533935546875,130.38392639160156,125.7377700805664,12.431081771850586,0.9118120074272156,0.7855627536773682,17952,16253,ok,,default_roi,"previews/T=5/ternary/T=5_ternary_48,6,6_2.png",
"ternary/T=5_ternary_6,18,36.jpg","cropped_cuvettes/T=5/ternary/T=5_ternary_6,18,36.png",T=5,ternary,ternary_TC6_OTC18_CTC36,R1,6,18,36,145.4623565673828,153.58062744140625,162.77044677734375,9.813411712646484,10.194116592407227,9.957259178161621,106.04641723632812,27.20772933959961,162.77044677734375,1.7357069253921509,1.987141728401184,9.957259178161621,160.87672424316406,127.13673400878906,122.12322235107422,9.776391983032227,0.6111393570899963,0.4110111594200134,17810,16353,ok,,default_roi,"previews/T=5/ternary/T=5_ternary_6,18,36.png",
"ternary/T=5_ternary_6,18,36_1.jpg","cropped_cuvettes/T=5/ternary/T=5_ternary_6,18,36_1.png",T=5,ternary,ternary_TC6_OTC18_CTC36,R2,6,18,36,149.21681213378906,157.50865173339844,166.6531524658203,10.278336524963379,10.601583480834961,10.464103698730469,105.79180908203125,26.76973533630371,166.6531524658203,2.54079532623291,2.437270402908325,10.464103698730469,164.61251831054688,126.98104095458984,122.12328338623047,10.101523399353027,0.8666707277297974,0.6899562478065491,16640,15087,ok,,default_roi,"previews/T=5/ternary/T=5_ternary_6,18,36_1.png",
"ternary/T=5_ternary_6,18,36_2.jpg","cropped_cuvettes/T=5/ternary/T=5_ternary_6,18,36_2.png",T=5,ternary,ternary_TC6_OTC18_CTC36,R3,6,18,36,150.49058532714844,158.07220458984375,167.1355743408203,10.222371101379395,10.179394721984863,10.371068000793457,106.43063354492188,25.476877212524414,167.1355743408203,2.79018497467041,2.6865265369415283,10.371068000793457,165.35948181152344,127.19156646728516,122.29855346679688,9.780017852783203,0.8797078728675842,0.7748297452926636,16640,15180,ok,,default_roi,"previews/T=5/ternary/T=5_ternary_6,18,36_2.png",
"ternary/T=5_ternary_6,36,18.jpg","cropped_cuvettes/T=5/ternary/T=5_ternary_6,36,18.png",T=5,ternary,ternary_TC6_OTC36_CTC18,R1,6,36,18,146.5457763671875,167.72579956054688,184.98336791992188,10.872108459472656,11.445889472961426,11.880183219909668,103.16716003417969,53.103694915771484,184.98336791992188,0.6559999585151672,2.466758966445923,11.880183219909668,172.74012756347656,124.36005401611328,116.75395965576172,10.807947158813477,0.5576813817024231,0.48000580072402954,17947,16481,ok,,default_roi,"previews/T=5/ternary/T=5_ternary_6,36,18.png",
"ternary/T=5_ternary_6,36,18_1.jpg","cropped_cuvettes/T=5/ternary/T=5_ternary_6,36,18_1.png",T=5,ternary,ternary_TC6_OTC36_CTC18,R2,6,36,18,146.2120361328125,167.7975616455078,184.69888305664062,10.737361907958984,11.339982986450195,11.785110473632812,102.94507598876953,53.25492477416992,184.69888305664062,1.0696345567703247,2.701554536819458,11.785110473632812,172.71409606933594,124.18572235107422,116.84451293945312,10.689567565917969,0.8267619013786316,0.7333976030349731,17680,16040,ok,,default_roi,"previews/T=5/ternary/T=5_ternary_6,36,18_1.png",
"ternary/T=5_ternary_6,36,18_2.jpg","cropped_cuvettes/T=5/ternary/T=5_ternary_6,36,18_2.png",T=5,ternary,ternary_TC6_OTC36_CTC18,R3,6,36,18,147.37106323242188,167.72300720214844,184.38787841796875,10.748896598815918,11.379085540771484,11.963661193847656,103.31413269042969,51.291316986083984,184.38787841796875,1.1058882474899292,2.5252163410186768,11.963661193847656,172.83091735839844,124.48680114746094,117.09109497070312,10.727992057800293,0.8651800751686096,0.7831330299377441,17947,16477,ok,,default_roi,"previews/T=5/ternary/T=5_ternary_6,36,18_2.png",
"ternary/T=5_ternary_6,48,6.jpg","cropped_cuvettes/T=5/ternary/T=5_ternary_6,48,6.png",T=5,ternary,ternary_TC6_OTC48_CTC6,R1,6,48,6,112.46228790283203,143.65240478515625,164.82740783691406,6.625494480133057,7.671821117401123,7.798737525939941,102.16563415527344,81.07188415527344,164.82740783691406,0.422549843788147,2.4560704231262207,7.798737525939941,148.09219360351562,122.16842651367188,113.05001068115234,7.267683506011963,0.585818350315094,0.4114064872264862,17816,16096,ok,,default_roi,"previews/T=5/ternary/T=5_ternary_6,48,6.png",
"ternary/T=5_ternary_6,48,6_1.jpg","cropped_cuvettes/T=5/ternary/T=5_ternary_6,48,6_1.png",T=5,ternary,ternary_TC6_OTC48_CTC6,R2,6,48,6,115.46385192871094,147.15736389160156,169.07691955566406,6.324638843536377,7.42020845413208,7.561821460723877,102.35160064697266,80.91374969482422,169.07691955566406,0.8495293259620667,2.825826406478882,7.561821460723877,151.5176239013672,122.23979187011719,112.77997589111328,6.976889610290527,0.956845223903656,0.8378744125366211,15065,13612,ok,,default_roi,"previews/T=5/ternary/T=5_ternary_6,48,6_1.png",
"ternary/T=5_ternary_6,48,6_2.jpg","cropped_cuvettes/T=5/ternary/T=5_ternary_6,48,6_2.png",T=5,ternary,ternary_TC6_OTC48_CTC6,R3,6,48,6,112.24225616455078,143.63368225097656,164.65151977539062,6.574544906616211,7.73681640625,7.736529350280762,102.09001922607422,81.24513244628906,164.65151977539062,0.7049832940101624,2.69136118888855,7.736529350280762,148.03286743164062,122.12162780761719,113.20281982421875,7.305691242218018,0.7820903658866882,0.6520295739173889,17554,15975,ok,,default_roi,"previews/T=5/ternary/T=5_ternary_6,48,6_2.png",
"ternary/T=5_ternary_6,6,48.jpg","cropped_cuvettes/T=5/ternary/T=5_ternary_6,6,48.png",T=5,ternary,ternary_TC6_OTC6_CTC48,R1,6,6,48,152.89451599121094,152.00509643554688,155.3944854736328,10.77777099609375,10.463787078857422,10.681963920593262,125.83197021484375,5.539806842803955,155.39540100097656,11.585126876831055,2.4007761478424072,10.68313980102539,160.72222900390625,128.86669921875,126.44039916992188,10.20852279663086,0.7057902216911316,0.7436205744743347,18221,16467,ok,,default_roi,"previews/T=5/ternary/T=5_ternary_6,6,48.png",
"ternary/T=5_ternary_6,6,48_1.jpg","cropped_cuvettes/T=5/ternary/T=5_ternary_6,6,48_1.png",T=5,ternary,ternary_TC6_OTC6_CTC48,R2,6,6,48,155.71701049804688,154.14805603027344,158.28404235839844,10.457706451416016,10.333172798156738,10.649288177490234,126.82071685791016,6.80329704284668,158.3312530517578,23.746566772460938,2.689835548400879,10.631385803222656,162.9710693359375,129.31875610351562,126.24385833740234,10.024085998535156,0.9161309003829956,0.8382796049118042,17810,16075,ok,,default_roi,"previews/T=5/ternary/T=5_ternary_6,6,48_1.png",
"ternary/T=5_ternary_6,6,48_2.jpg","cropped_cuvettes/T=5/ternary/T=5_ternary_6,6,48_2.png",T=5,ternary,ternary_TC6_OTC6_CTC48,R3,6,6,48,154.7978973388672,153.53179931640625,157.60638427734375,10.455732345581055,10.237418174743652,10.47866153717041,125.04484558105469,6.770605564117432,157.6456756591797,22.67941665649414,2.6178083419799805,10.472759246826172,162.3315887451172,129.14059448242188,126.1948471069336,9.955890655517578,0.8658975958824158,0.8400565385818481,17544,15833,ok,,default_roi,"previews/T=5/ternary/T=5_ternary_6,6,48_2.png",
